date,trade_date,fwd_ret_1d,target_ret,final_position,position_gap,position_gap_return,turnover,turnover_cost,pred_ret,pred_up_prob,pred_trade_prob,pred_big_up_prob,pred_big_down_prob,pred_tail_score,ret_20,ma_ratio_60,ma_spread_20_60,drawdown_60,volatility_20,volatility_60,trend_regime_score
2026-03-23,2026-03-24,0.0561399399527289,0.067545575392178,0.88,-0.12,-0.006736792794327468,0.0,0.0,-0.0602157463356388,0.6897887187864004,0.6502110942360434,0.5615105249995225,0.3697290629451171,0.1917814620544053,-0.1213187929329377,-0.0803713564457919,0.0413798994120182,-0.1483790911304654,0.0240990360536224,0.0165472308973202,0.25
2025-01-13,2025-01-14,0.0547114823051495,0.0655634416707184,0.88,-0.12,-0.0065653778766179395,0.0,0.0,-0.0177900501508606,0.6103181610470307,0.6023561594240032,0.468120806917231,0.3229904504287459,0.145130356488485,-0.1834566259710911,-0.0767785040357257,-0.0100939737048219,-0.1951284461878319,0.0270696399455503,0.0233387025020826,0.0
2025-01-06,2025-01-07,0.0366605926415575,0.0955035639805437,0.88,-0.12,-0.0043992711169869,0.0,0.0,-0.0365466545440065,0.663722041422547,0.6045584198453953,0.5118103192412119,0.3608732115077667,0.1509371077334451,-0.1698059603276164,-0.0851921035576248,0.0448417116703183,-0.208313457788975,0.0258739179726067,0.0230987866061458,0.25
2026-04-07,2026-04-08,0.0364172835706917,0.0369743493300962,0.88,-0.12,-0.004370074028483003,0.0,0.0,0.0117688005321813,0.5886680433068304,0.657505252770799,0.5210791342636186,0.4425729402491809,0.0785061940144377,-0.0655008927037941,-0.0303770309324626,-0.0025648079259397,-0.090855866824863,0.0286485669980602,0.0195382852968486,0.0
2025-04-09,2025-04-10,0.0359420456385373,0.097871106909501,0.88,-0.12,-0.004313045476624476,0.0,0.0,0.0094674432211944,0.6755408973523108,0.6626346609171972,0.5516704206992713,0.3355406548307453,0.2161297658685259,-0.1038567750994617,-0.0420955913162662,0.0503172360104335,-0.1358191304975807,0.0340922687117611,0.0239932688163738,0.25
2026-03-05,2026-03-06,0.0346771088482742,-0.0043418066831054,0.88,-0.12,-0.004161253061792903,0.0,0.0,0.0105583322586991,0.6403982317841733,0.6248713646034499,0.3092336602149952,0.4059510761792186,-0.0967174159642234,0.0196165234859528,0.0511742528658207,0.0664506487140583,-0.0513214409690738,0.0140365808335878,0.0123410419810665,0.75
2025-04-08,2025-04-09,0.0344741882586225,0.1276066360313485,0.88,-0.12,-0.0041369025910347,0.0,0.0,-0.012788062479531,0.6593710090598331,0.6463606372760263,0.5449000007929891,0.3358844660094508,0.2090155347835382,-0.1279064014456321,-0.0724313566769864,0.0576772348325274,-0.1646182386076405,0.0329518141997467,0.023641966816655,0.25
2026-04-03,2026-04-07,0.0331801969821197,0.0738116231520966,0.88,-0.12,-0.003981623637854364,0.0,0.0,-0.009187155607048,0.5200911815563735,0.5836319089262286,0.4657996090342466,0.5293732221296158,-0.0635736130953691,-0.1035362332610198,-0.0605382100242667,0.001876201147644,-0.1200526918433855,0.0273687985933731,0.0190937275800629,0.25
2025-04-30,2025-05-06,0.0311139279133363,0.0890837177094703,0.88,-0.12,-0.0037336713496003556,0.0,0.0,0.0264899811276626,0.7791152890492011,0.7288206854159851,0.5230298155293834,0.2406157259487759,0.2824140895806074,0.0150198589029117,0.0336827996385635,-0.0108951426383507,-0.0385665667653644,0.0341683964053448,0.0230806562215432,0.75
2025-04-11,2025-04-14,0.0268836576187043,0.0428952478180799,0.88,-0.12,-0.003226038914244516,0.0,0.0,0.0099795820768542,0.6705751199821098,0.6694417789452923,0.5461842987826003,0.2803348364557325,0.2658494623268678,-0.062653479094007,-0.0039219807674852,0.0390537730709485,-0.0980717845020582,0.0353146955466047,0.0239780356105374,0.25
2025-02-07,2025-02-10,0.0258382099650633,0.0479819369389085,0.88,-0.12,-0.003100585195807596,0.0,0.0,-0.0046608022064267,0.4416350686356777,0.4599670080569265,0.259041671635584,0.4940917301749826,-0.2350500585393986,0.0742066180842679,0.0177536612897759,-0.0456491712465906,-0.1005826043060849,0.0218647299897293,0.0225492016925382,0.75
2026-03-09,2026-03-10,0.0252513350614906,-0.1246283729358306,0.88,-0.12,-0.003030160207378872,0.0,0.0,0.0077562712963502,0.4940388843933931,0.5374755312465583,0.3074444827165504,0.5485882660146033,-0.2411437832980529,0.0362163683471341,0.0734232391460079,0.0668714885194123,-0.0271321544591184,0.0158465437395355,0.0130423234507607,1.0
2025-12-18,2025-12-19,0.0252181432277336,0.0461567486832796,0.88,-0.12,-0.003026177187328032,0.0,0.0,-0.0136744552631723,0.7119408245077589,0.7507327795714134,0.453528855692985,0.3963913783748088,0.0571374773181762,-0.0432978960224776,-0.0060978241113225,0.0174694786504796,-0.0760566408292756,0.0178882313533025,0.0135854930742303,0.25
2026-03-24,2026-03-25,0.024393967105083,0.0476099269433878,0.88,-0.12,-0.00292727605260996,0.0,0.0,-0.0326917679370043,0.6803778653734535,0.6297857912866262,0.5451353228652631,0.3593128665957572,0.1858224562695059,-0.0929998053796207,-0.030062657084745,0.0349928025705275,-0.1005691444440414,0.0271466772672048,0.0178946045742818,0.25
2026-04-15,2026-04-16,0.02315433978804,0.0569151148023692,0.88,-0.12,-0.0027785207745648,0.0,0.0,0.0280142345213383,0.588435252552663,0.6994504384612213,0.5878171205758443,0.3812628214820868,0.2065542990937575,-0.0368479091825482,-0.0222605209692319,-0.0240596702862174,-0.0779808195472749,0.029277700994586,0.0199943752173427,0.25
2025-01-27,2025-02-05,0.0223394604402011,0.0671209797611076,0.88,-0.12,-0.002680735252824132,0.0,0.0,-0.0185415167429285,0.3919967297390236,0.3753175394453558,0.5870872993663241,0.521188261023816,0.0658990383425081,-0.0207004137967504,-0.0263945915133382,-0.049725439415883,-0.1423582970170473,0.0220774601230488,0.022639308056269,0.25
2025-09-23,2025-09-24,0.0215458955230209,0.0443439267178265,0.88,-0.12,-0.002585507462762508,0.0,0.0,-0.0139409964613457,0.6827222445506602,0.6806452415473508,0.5523380240776332,0.2892664099267564,0.2630716141508768,-0.0533725008994191,0.0138420439761648,0.0343697509563942,-0.0533725008994191,0.0144950137092815,0.011854656104284,0.5
2025-04-28,2025-04-29,0.0213044090990821,0.1024934517127598,0.88,-0.12,-0.0025565290918898517,0.0,0.0,0.0289546738884965,0.748243875856644,0.7309531153334853,0.6045582346564363,0.2152457581962607,0.3893124764601756,-0.011414570872667,0.0028752348850351,-0.0085573936618772,-0.0711932187477432,0.0341643273996729,0.0229234678870049,0.5
2026-03-26,2026-03-27,0.0205323704425279,0.0273655433258011,0.88,-0.12,-0.002463884453103348,0.0,0.0,-0.031716900261868,0.6614553034636171,0.6175711929538465,0.4957181479367383,0.3340043625729226,0.1617137853638157,-0.0866855213654698,-0.0245265613927566,0.0237545069984395,-0.0931588682393048,0.0279862398499596,0.0180134985243948,0.25
2026-04-24,2026-04-27,0.0200432616115844,,0.88,-0.12,-0.002405191393390128,0.0,0.0,0.03325336940846,0.7866286778476987,0.8190082971827113,0.6563441256500716,0.2726877792143421,0.3836563464357295,0.0373724850524341,-0.0057688203071054,-0.0183108281769036,-0.0592679615976456,0.0186226766152361,0.0201978777302764,0.5
