date,trade_date,strategy,model_name,horizon,pred_ret,pred_up_prob,pred_trade_prob,fwd_ret_1d,benchmark_return,strategy_return,final_position,turnover,turnover_cost,position_gap,position_gap_return,cumulative_position_timing_contribution,equity,drawdown,benchmark_equity,benchmark_drawdown
2025-01-02,2025-01-03,ml_selective_defensive_enhancement,GradientBoosting,10,0.012654672531601118,0.5851291666598875,0.596470826257414,-0.047828311462035256,-0.048828311462035257,-0.048828311462035257,1.0,1.0,0.001,0.0,-0.0,-0.0,95117.16885379648,-0.048828311462035145,95117.16885379648,-0.048828311462035145
2025-01-03,2025-01-06,ml_selective_defensive_enhancement,GradientBoosting,10,-0.0228404982096138,0.6216417157133178,0.6035332471082192,-0.006965038296092518,-0.006965038296092518,-0.006965038296092518,1.0,0.0,0.0,0.0,-0.0,-0.0,94454.67413011388,-0.055453258698861196,94454.67413011388,-0.055453258698861196
2025-01-06,2025-01-07,ml_selective_defensive_enhancement,GradientBoosting,10,0.0018861165147393015,0.6076223229848332,0.5716257946446336,0.03666059264155752,0.03666059264155752,0.03666059264155752,1.0,0.0,0.0,0.0,0.0,0.0,97917.43846148904,-0.02082561538510952,97917.43846148904,-0.02082561538510952
2025-01-07,2025-01-08,ml_selective_defensive_enhancement,GradientBoosting,10,-0.02705344769474964,0.6086350135899616,0.5883045641612284,-0.0023530938670022206,-0.0023530938670022206,-0.0023530938670022206,1.0,0.0,0.0,0.0,-0.0,0.0,97687.02953757274,-0.02312970462427255,97687.02953757274,-0.02312970462427255
2025-01-08,2025-01-09,ml_selective_defensive_enhancement,GradientBoosting,10,0.002361710349425707,0.6086350135899616,0.5883045641612284,0.005732579547672145,0.005732579547672145,0.005732579547672145,1.0,0.0,0.0,0.0,0.0,0.0,98247.02820517268,-0.017529717948273182,98247.02820517268,-0.017529717948273182
2025-01-09,2025-01-10,ml_selective_defensive_enhancement,GradientBoosting,10,-0.020957535203537856,0.6086350135899616,0.5591480224022534,-0.03154771947584489,-0.03154771947584489,-0.03154771947584489,1.0,0.0,0.0,0.0,-0.0,0.0,95147.55852002048,-0.04852441479979519,95147.55852002048,-0.04852441479979519
2025-01-10,2025-01-13,ml_selective_defensive_enhancement,GradientBoosting,10,-0.011929174340488683,0.6076223229848332,0.5851859348771307,0.009250844219383714,0.009250844219383714,0.009250844219383714,1.0,0.0,0.0,0.0,0.0,0.0,96027.75376174388,-0.03972246238256116,96027.75376174388,-0.03972246238256116
2025-01-13,2025-01-14,ml_selective_defensive_enhancement,GradientBoosting,10,0.0014931911162943746,0.6076223229848332,0.5897061316420703,0.05471148230514955,0.05471148230514955,0.05471148230514955,1.0,0.0,0.0,0.0,0.0,0.0,101281.57451248278,0.0,101281.57451248278,0.0
2025-01-14,2025-01-15,ml_selective_defensive_enhancement,GradientBoosting,10,0.018068462562569422,0.641554816577047,0.6021985251448418,0.0002536797198067209,0.0002536797198067209,0.0002536797198067209,1.0,0.0,0.0,0.0,0.0,0.0,101307.26759392669,0.0,101307.26759392669,0.0
2025-01-15,2025-01-16,ml_selective_defensive_enhancement,GradientBoosting,10,-0.007036965447600679,0.6130737741731122,0.5602375063988887,0.009460126480445696,0.009460126480445696,0.009460126480445696,1.0,0.0,0.0,0.0,0.0,0.0,102265.64715875359,0.0,102265.64715875359,0.0
2025-01-16,2025-01-17,ml_selective_defensive_enhancement,GradientBoosting,10,-0.010685467000064874,0.6086350135899616,0.5465659392954354,-0.005173354657099671,-0.005173354657099671,-0.005173354657099671,1.0,0.0,0.0,0.0,-0.0,0.0,101736.59069676354,-0.005173354657099671,101736.59069676354,-0.005173354657099671
2025-01-17,2025-01-20,ml_selective_defensive_enhancement,GradientBoosting,10,-0.014172612188226833,0.5927459939606285,0.5426251800610848,0.017091603281457424,0.017091603281457424,0.017091603281457424,1.0,0.0,0.0,0.0,0.0,0.0,103475.43214416063,0.0,103475.43214416063,0.0
2025-01-20,2025-01-21,ml_selective_defensive_enhancement,GradientBoosting,10,-0.011639099194501283,0.6215942166008659,0.5884034080086317,-0.011275013683268997,-0.011275013683268997,-0.011275013683268997,1.0,0.0,0.0,0.0,-0.0,0.0,102308.74523085305,-0.011275013683268997,102308.74523085305,-0.011275013683268997
2025-01-21,2025-01-22,ml_selective_defensive_enhancement,GradientBoosting,10,0.013028228087669189,0.5405246265651212,0.5666681181719498,-0.010860818422885998,-0.010860818422885998,-0.010860818422885998,1.0,0.0,0.0,0.0,-0.0,0.0,101197.58852582745,-0.022013376229825465,101197.58852582745,-0.022013376229825465
2025-01-22,2025-01-23,ml_selective_defensive_enhancement,GradientBoosting,10,-0.0006373529928526834,0.535803274655595,0.5306850993258179,0.002743652743652847,0.002743652743652847,0.002743652743652847,1.0,0.0,0.0,0.0,0.0,0.0,101475.23956723738,-0.019330120546262708,101475.23956723738,-0.019330120546262708
2025-01-23,2025-01-24,ml_selective_defensive_enhancement,GradientBoosting,10,0.00464126004611355,0.5640063851658494,0.5733872398835125,0.009125930765984558,0.009125930765984558,0.009125930765984558,1.0,0.0,0.0,0.0,0.0,0.0,102401.29557798969,-0.010380595122081449,102401.29557798969,-0.010380595122081449
2025-01-24,2025-01-27,ml_selective_defensive_enhancement,GradientBoosting,10,0.010737172537325338,0.5640063851658494,0.5439931230228354,-0.0007581132961200776,-0.0007581132961200776,-0.0007581132961200776,1.0,0.0,0.0,0.0,-0.0,0.0,102323.66379427208,-0.011130838751017835,102323.66379427208,-0.011130838751017835
2025-01-27,2025-02-05,ml_selective_defensive_enhancement,GradientBoosting,10,0.010737172537325338,0.5640063851658494,0.5009997960906419,0.022339460440201186,0.022339460440201186,0.022339460440201186,1.0,0.0,0.0,0.0,0.0,0.0,104609.51923370067,0.0,104609.51923370067,0.0
2025-02-05,2025-02-06,ml_selective_defensive_enhancement,GradientBoosting,10,0.01452200683198038,0.5676485529918827,0.5470428482164663,0.014908226594480434,0.014908226594480434,0.014908226594480434,1.0,0.0,0.0,0.0,0.0,0.0,106169.06165037634,0.0,106169.06165037634,0.0
2025-02-06,2025-02-07,ml_selective_defensive_enhancement,GradientBoosting,10,0.010737172537325338,0.5781912298486034,0.5358873509918769,0.010726134870347126,0.010726134870347126,0.010726134870347126,1.0,0.0,0.0,0.0,0.0,0.0,107307.84532469648,0.0,107307.84532469648,0.0
2025-02-07,2025-02-10,ml_selective_defensive_enhancement,GradientBoosting,10,0.007213371601976431,0.5808395902213415,0.5817658569997757,0.025838209965063363,0.025838209965063363,0.025838209965063363,1.0,0.0,0.0,0.0,0.0,0.0,110080.48796309452,0.0,110080.48796309452,0.0
2025-02-10,2025-02-11,ml_selective_defensive_enhancement,GradientBoosting,10,-0.009312022965379783,0.5763590803153464,0.5714318971150089,-0.0015334305426236705,-0.0015334305426236705,-0.0015334305426236705,1.0,0.0,0.0,0.0,-0.0,0.0,109911.68718070499,-0.0015334305426236705,109911.68718070499,-0.0015334305426236705
2025-02-11,2025-02-12,ml_selective_defensive_enhancement,GradientBoosting,10,-0.013522955327451035,0.5725199773859767,0.5594725596902155,0.004069454708150566,0.004069454708150566,0.004069454708150566,1.0,0.0,0.0,0.0,0.0,0.0,110358.96781358328,0.0,110358.96781358328,0.0
2025-02-12,2025-02-13,ml_selective_defensive_enhancement,GradientBoosting,10,-0.014738411195382498,0.5664638679023147,0.5530890812467477,-0.01274968019406153,-0.01274968019406153,-0.01274968019406153,1.0,0.0,0.0,0.0,-0.0,0.0,108951.92626741336,-0.01274968019406153,108951.92626741336,-0.01274968019406153
2025-02-13,2025-02-14,ml_selective_defensive_enhancement,GradientBoosting,10,-0.015608797338498943,0.5664638679023147,0.5594725596902155,0.0013591366439467123,0.0013591366439467123,0.0013591366439467123,1.0,0.0,0.0,0.0,0.0,0.0,109100.00682283199,-0.01140787210766514,109100.00682283199,-0.01140787210766514
2025-02-14,2025-02-17,ml_selective_defensive_enhancement,GradientBoosting,10,-0.01608618849367688,0.555802269391962,0.5530890812467477,0.025760691205964026,0.025760691205964026,0.025760691205964026,1.0,0.0,0.0,0.0,0.0,0.0,111910.49840916353,0.0,111910.49840916353,0.0
2025-02-17,2025-02-18,ml_selective_defensive_enhancement,GradientBoosting,10,-0.014798794717376624,0.5544707610063772,0.5650870011238028,-0.024294146544977857,-0.024294146544977857,-0.024294146544977857,1.0,0.0,0.0,0.0,-0.0,0.0,109191.7283608898,-0.024294146544977857,109191.7283608898,-0.024294146544977857
2025-02-18,2025-02-19,ml_selective_defensive_enhancement,GradientBoosting,10,-0.014798794717376624,0.56020942779978,0.5596775406586039,0.02056998856379466,0.02056998856379466,0.02056998856379466,1.0,0.0,0.0,0.0,0.0,0.0,111437.80096453428,-0.00422388829778042,111437.80096453428,-0.00422388829778042
2025-02-19,2025-02-20,ml_selective_defensive_enhancement,GradientBoosting,10,-0.018244583846089915,0.5366486339592629,0.552862912355014,0.012465106131900106,0.012465106131900106,0.012465106131900106,1.0,0.0,0.0,0.0,0.0,0.0,112826.88498066277,0.0,112826.88498066277,0.0
2025-02-20,2025-02-21,ml_selective_defensive_enhancement,GradientBoosting,10,-0.018244583846089915,0.5258675232018117,0.552862912355014,-0.0032811451686362014,-0.0032811451686362014,-0.0032811451686362014,1.0,0.0,0.0,0.0,-0.0,0.0,112456.6835921162,-0.0032811451686362014,112456.6835921162,-0.0032811451686362014
2025-02-21,2025-02-24,ml_selective_defensive_enhancement,GradientBoosting,10,-0.018244583846089915,0.5313350073374311,0.5648621270990942,0.012104045163541022,0.012104045163541022,0.012104045163541022,1.0,0.0,0.0,0.0,0.0,0.0,113817.86436925722,0.0,113817.86436925722,0.0
2025-02-24,2025-02-25,ml_selective_defensive_enhancement,GradientBoosting,10,-0.018244583846089915,0.5313350073374311,0.5648621270990942,-0.00353171626846871,-0.00353171626846871,-0.00353171626846871,1.0,0.0,0.0,0.0,-0.0,0.0,113415.89196602195,-0.00353171626846871,113415.89196602195,-0.00353171626846871
2025-02-25,2025-02-26,ml_selective_defensive_enhancement,GradientBoosting,10,-0.0193804835549195,0.5258675232018117,0.5355107147143013,0.014554498375255243,0.014554498375255243,0.014554498375255243,1.0,0.0,0.0,0.0,0.0,0.0,115066.60338136954,0.0,115066.60338136954,0.0
2025-02-26,2025-02-27,ml_selective_defensive_enhancement,GradientBoosting,10,-0.0193804835549195,0.543912709072936,0.5355107147143013,-0.0016638615513528965,-0.0016638615513528965,-0.0016638615513528965,1.0,0.0,0.0,0.0,-0.0,0.0,114875.1484841585,-0.0016638615513528965,114875.1484841585,-0.0016638615513528965
2025-02-27,2025-02-28,ml_selective_defensive_enhancement,GradientBoosting,10,-0.0193804835549195,0.5491163025039911,0.5245575791914102,-0.025689741419116396,-0.025689741419116396,-0.025689741419116396,1.0,0.0,0.0,0.0,-0.0,0.0,111924.03562411787,-0.02731085879745787,111924.03562411787,-0.02731085879745787
2025-02-28,2025-03-03,ml_selective_defensive_enhancement,GradientBoosting,10,-0.015934694426206215,0.5450060060268295,0.552862912355014,0.0067978851024126374,0.0067978851024126374,0.0067978851024126374,1.0,0.0,0.0,0.0,0.0,0.0,112684.88235848896,-0.02069862977519854,112684.88235848896,-0.02069862977519854
2025-03-03,2025-03-04,ml_selective_defensive_enhancement,GradientBoosting,10,-0.01796015291526,0.5312020377130766,0.552862912355014,0.016752476218495627,0.016752476218495627,0.016752476218495627,1.0,0.0,0.0,0.0,0.0,0.0,114572.63317038353,-0.004292906859767354,114572.63317038353,-0.004292906859767354
2025-03-04,2025-03-05,ml_selective_defensive_enhancement,GradientBoosting,10,-0.01604819648062902,0.5312020377130766,0.552862912355014,-0.004031703853026092,-0.004031703853026092,-0.004031703853026092,1.0,0.0,0.0,0.0,-0.0,0.0,114110.71024377915,-0.00830730298366622,114110.71024377915,-0.00830730298366622
2025-03-05,2025-03-06,ml_selective_defensive_enhancement,GradientBoosting,10,-0.01604819648062902,0.5312020377130766,0.5582900189716453,0.016790100740604608,0.016790100740604608,0.016790100740604608,1.0,0.0,0.0,0.0,0.0,0.0,116026.64056435414,0.0,116026.64056435414,0.0
2025-03-06,2025-03-07,ml_selective_defensive_enhancement,GradientBoosting,10,-0.01796015291526,0.5366622072090745,0.5540247142658824,-0.004631217021925038,-0.004631217021925038,-0.004631217021925038,1.0,0.0,0.0,0.0,-0.0,0.0,115489.29601157572,-0.004631217021925038,115489.29601157572,-0.004631217021925038
2025-03-07,2025-03-10,ml_selective_defensive_enhancement,GradientBoosting,10,-0.0062527417443022084,0.5940040028654053,0.5773966574321693,0.015357712705517113,0.015357712705517113,0.015357712705517113,1.0,0.0,0.0,0.0,0.0,0.0,117262.94744028393,0.0,117262.94744028393,0.0
2025-03-10,2025-03-11,ml_selective_defensive_enhancement,GradientBoosting,10,-0.007605233168892625,0.5940040028654053,0.5705027932780541,0.006712199994816759,0.006712199994816759,0.006712199994816759,1.0,0.0,0.0,0.0,0.0,0.0,118050.0397954848,0.0,118050.0397954848,0.0
2025-03-11,2025-03-12,ml_selective_defensive_enhancement,GradientBoosting,10,-0.007605233168892625,0.5940040028654053,0.5670141600991037,0.0049988298619236815,0.0049988298619236815,0.0049988298619236815,1.0,0.0,0.0,0.0,0.0,0.0,118640.15185961575,0.0,118640.15185961575,0.0
2025-03-12,2025-03-13,ml_selective_defensive_enhancement,GradientBoosting,10,-0.007605233168892625,0.5940040028654053,0.5670141600991037,-0.007160554774168881,-0.007160554774168881,-0.007160554774168881,1.0,0.0,0.0,0.0,-0.0,0.0,117790.62255380925,-0.007160554774168992,117790.62255380925,-0.007160554774168992
2025-03-13,2025-03-14,ml_selective_defensive_enhancement,GradientBoosting,10,-0.007605233168892625,0.5986341386942743,0.5849524457796841,0.01987048533988811,0.01987048533988811,0.01987048533988811,1.0,0.0,0.0,0.0,0.0,0.0,120131.17939244102,0.0,120131.17939244102,0.0
2025-03-14,2025-03-17,ml_selective_defensive_enhancement,GradientBoosting,10,-0.0062527417443022084,0.6253034964924479,0.5849524457796841,0.010316604305560917,0.010316604305560917,0.010316604305560917,1.0,0.0,0.0,0.0,0.0,0.0,121370.52523499318,0.0,121370.52523499318,0.0
2025-03-17,2025-03-18,ml_selective_defensive_enhancement,GradientBoosting,10,-0.007605233168892625,0.6199950653224389,0.5849524457796841,0.008615607337720599,0.008615607337720599,0.008615607337720599,1.0,0.0,0.0,0.0,0.0,0.0,122416.2060227908,0.0,122416.2060227908,0.0
2025-03-18,2025-03-19,ml_selective_defensive_enhancement,GradientBoosting,10,-0.007605233168892625,0.6227003507025947,0.586949653990961,-0.004718982451072384,-0.004718982451072384,-0.004718982451072384,1.0,0.0,0.0,0.0,-0.0,0.0,121838.52609484238,-0.004718982451072384,121838.52609484238,-0.004718982451072384
2025-03-19,2025-03-20,ml_selective_defensive_enhancement,GradientBoosting,10,-0.007605233168892625,0.6227003507025947,0.5791209866745426,0.0038774367195524295,0.0038774367195524295,0.0038774367195524295,1.0,0.0,0.0,0.0,0.0,0.0,122310.94726977867,-0.0008598432873546669,122310.94726977867,-0.0008598432873546669
2025-03-20,2025-03-21,ml_selective_defensive_enhancement,GradientBoosting,10,-0.007605233168892625,0.6227003507025947,0.586949653990961,-0.012780000135524938,-0.012780000135524938,-0.012780000135524938,1.0,0.0,0.0,0.0,-0.0,0.0,120747.81334709472,-0.013628854625550635,120747.81334709472,-0.013628854625550635
2025-03-21,2025-03-24,ml_selective_defensive_enhancement,GradientBoosting,10,-0.007605233168892625,0.6048298561481659,0.584881360920932,-0.0394906936039261,-0.0394906936039261,-0.0394906936039261,1.0,0.0,0.0,0.0,-0.0,0.0,115979.39844686055,-0.05258133530728659,115979.39844686055,-0.05258133530728659
2025-03-24,2025-03-25,ml_selective_defensive_enhancement,GradientBoosting,10,-0.05659436932017787,0.5706302934086434,0.5586476405451686,-0.0022772477697979854,-0.0022772477697979854,-0.0022772477697979854,1.0,0.0,0.0,0.0,-0.0,0.0,115715.28462040493,-0.05473884234852311,115715.28462040493,-0.05473884234852311
2025-03-25,2025-03-26,ml_selective_defensive_enhancement,GradientBoosting,10,-0.0683060699923049,0.5659113611508736,0.5404655975663422,0.02385346509123809,0.02385346509123809,0.02385346509123809,1.0,0.0,0.0,0.0,0.0,0.0,118475.49512262044,-0.03219108832238016,118475.49512262044,-0.03219108832238016
2025-03-26,2025-03-27,ml_selective_defensive_enhancement,GradientBoosting,10,-0.0631872293156184,0.5864582337680694,0.586210549072487,-0.007051581009234198,-0.007051581009234198,-0.007051581009234198,1.0,0.0,0.0,0.0,-0.0,0.0,117640.05557115415,-0.03901567126453376,117640.05557115415,-0.03901567126453376
2025-03-27,2025-03-28,ml_selective_defensive_enhancement,GradientBoosting,10,-0.051026051070354156,0.5580738313221378,0.5467403571033648,-0.022324196366505622,-0.022324196366505622,-0.022324196366505622,1.0,0.0,0.0,0.0,-0.0,0.0,115013.83587001708,-0.06046887412435886,115013.83587001708,-0.06046887412435886
2025-03-28,2025-03-31,ml_selective_defensive_enhancement,GradientBoosting,10,-0.049370384182778046,0.5580738313221378,0.5467403571033648,-0.012521918762460671,-0.012521918762460671,-0.012521918762460671,1.0,0.0,0.0,0.0,-0.0,0.0,113573.64196069374,-0.07223360655737676,113573.64196069374,-0.07223360655737676
2025-03-31,2025-04-01,ml_selective_defensive_enhancement,GradientBoosting,10,-0.012154863861591118,0.544146689896383,0.5277938596646591,0.020953692194299434,0.020953692194299434,0.020953692194299434,1.0,0.0,0.0,0.0,0.0,0.0,115953.4290957237,-0.05279347512096477,115953.4290957237,-0.05279347512096477
2025-04-01,2025-04-02,ml_selective_defensive_enhancement,GradientBoosting,10,-0.013536513765789748,0.5688647629698819,0.5535256234004651,0.004167153112498934,0.004167153112498934,0.004167153112498934,1.0,0.0,0.0,0.0,0.0,0.0,116436.62478868486,-0.04884632050263582,116436.62478868486,-0.04884632050263582
2025-04-02,2025-04-03,ml_selective_defensive_enhancement,GradientBoosting,10,-0.008397152248732217,0.5688647629698819,0.5412434883190788,0.0008826460399562475,0.0008826460399562475,0.0008826460399562475,1.0,0.0,0.0,0.0,0.0,0.0,116539.39711446046,-0.04800678847403772,116539.39711446046,-0.04800678847403772
2025-04-03,2025-04-07,ml_selective_defensive_enhancement,GradientBoosting,10,-0.008397152248732217,0.542473411635652,0.5287412353849262,-0.13087911775303906,-0.13087911775303906,-0.13087911775303906,1.0,0.0,0.0,0.0,-0.0,0.0,101286.82363664881,-0.17260282010543793,101286.82363664881,-0.17260282010543793
2025-04-07,2025-04-08,ml_selective_defensive_enhancement,GradientBoosting,10,-0.01616657795099336,0.684641204397981,0.6685708585699732,0.009650240164965185,0.009650240164965185,0.009650240164965185,1.0,0.0,0.0,0.0,0.0,0.0,102264.26581028894,-0.16461823860764047,102264.26581028894,-0.16461823860764047
2025-04-08,2025-04-09,ml_selective_defensive_enhancement,GradientBoosting,10,-0.02038900506897172,0.7154294182676564,0.6755710900029824,0.034474188258622585,0.034474188258622585,0.034474188258622585,1.0,0.0,0.0,0.0,0.0,0.0,105789.74336196267,-0.13581913049758054,105789.74336196267,-0.13581913049758054
2025-04-09,2025-04-10,ml_selective_defensive_enhancement,GradientBoosting,10,-0.015867992266491538,0.7167496156264007,0.6883840783949422,0.03594204563853731,0.03594204563853731,0.03594204563853731,1.0,0.0,0.0,0.0,0.0,0.0,109592.04314596747,-0.10475870224597372,109592.04314596747,-0.10475870224597372
2025-04-10,2025-04-11,ml_selective_defensive_enhancement,GradientBoosting,10,-0.014601142318303843,0.7333877883501922,0.6866178109223859,0.007469402674666226,0.007469402674666226,0.007469402674666226,1.0,0.0,0.0,0.0,0.0,0.0,110410.6302461641,-0.09807178450205811,110410.6302461641,-0.09807178450205811
2025-04-11,2025-04-14,ml_selective_defensive_enhancement,GradientBoosting,10,-0.010378715200325479,0.7318341254277311,0.6876823906802657,0.02688365761870437,0.02688365761870437,0.02688365761870437,1.0,0.0,0.0,0.0,0.0,0.0,113378.87182716734,-0.0738246551599625,113378.87182716734,-0.0738246551599625
2025-04-14,2025-04-15,ml_selective_defensive_enhancement,GradientBoosting,10,-0.01168300153442374,0.7390244917668657,0.7218834107371785,0.007207742840991127,0.007207742840991127,0.007207742840991127,1.0,0.0,0.0,0.0,0.0,0.0,114196.07757889926,-0.06714902144868917,114196.07757889926,-0.06714902144868917
2025-04-15,2025-04-16,ml_selective_defensive_enhancement,GradientBoosting,10,-0.010293623394890627,0.7390244917668657,0.702115039218769,-0.01993468005322363,-0.01993468005322363,-0.01993468005322363,1.0,0.0,0.0,0.0,-0.0,0.0,111919.6153090308,-0.08574510724344608,111919.6153090308,-0.08574510724344608
2025-04-16,2025-04-17,ml_selective_defensive_enhancement,GradientBoosting,10,0.03432455675719055,0.7671670423938676,0.7484826806407261,0.012542272469205917,0.012542272469205917,0.012542272469205917,1.0,0.0,0.0,0.0,0.0,0.0,113323.34161888539,-0.07427827327218872,113323.34161888539,-0.07427827327218872
2025-04-17,2025-04-18,ml_selective_defensive_enhancement,GradientBoosting,10,0.028596464503731905,0.781723155470239,0.7545695545288923,-0.0010824225787497976,-0.0010824225787497976,-0.0010824225787497976,1.0,0.0,0.0,0.0,-0.0,0.0,113200.67787521773,-0.07528029537083814,113200.67787521773,-0.07528029537083814
2025-04-18,2025-04-21,ml_selective_defensive_enhancement,GradientBoosting,10,0.029553419204200997,0.781723155470239,0.7493501773246333,0.013156899257346533,0.013156899257346533,0.013156899257346533,1.0,0.0,0.0,0.0,0.0,0.0,114690.04778988531,-0.06311385137574899,114690.04778988531,-0.06311385137574899
2025-04-21,2025-04-22,ml_selective_defensive_enhancement,GradientBoosting,10,0.029553419204200997,0.781723155470239,0.7545695545288923,0.0054391551724968235,0.0054391551724968235,0.0054391551724968235,1.0,0.0,0.0,0.0,0.0,0.0,115313.86475655557,-0.058017982234418786,115313.86475655557,-0.058017982234418786
2025-04-22,2025-04-23,ml_selective_defensive_enhancement,GradientBoosting,10,0.031159824794429008,0.781723155470239,0.7482925982277994,0.007194606560676053,0.007194606560676053,0.007194606560676053,1.0,0.0,0.0,0.0,0.0,0.0,116143.50264447,-0.05124079222936362,116143.50264447,-0.05124079222936362
2025-04-23,2025-04-24,ml_selective_defensive_enhancement,GradientBoosting,10,0.034271895520137305,0.7925485048111954,0.7186852322817298,-0.0078116265738025215,-0.0078116265738025215,-0.0078116265738025215,1.0,0.0,0.0,0.0,-0.0,0.0,115236.23297283796,-0.05865214486892456,115236.23297283796,-0.05865214486892456
2025-04-24,2025-04-25,ml_selective_defensive_enhancement,GradientBoosting,10,0.03593096234741856,0.7872154765707216,0.7454484599664153,-0.0007767642017189047,-0.0007767642017189047,-0.0007767642017189047,1.0,0.0,0.0,0.0,-0.0,0.0,115146.72159232371,-0.059383350184155304,115146.72159232371,-0.059383350184155304
2025-04-25,2025-04-28,ml_selective_defensive_enhancement,GradientBoosting,10,0.03593096234741856,0.7540584437585633,0.7188623163101998,-0.012555453452689713,-0.012555453452689713,-0.012555453452689713,1.0,0.0,0.0,0.0,-0.0,0.0,113701.00228914147,-0.07119321874774298,113701.00228914147,-0.07119321874774298
2025-04-28,2025-04-29,ml_selective_defensive_enhancement,GradientBoosting,10,0.03593096234741856,0.7590624540418301,0.7409363301269698,0.021304409099082156,0.021304409099082156,0.021304409099082156,1.0,0.0,0.0,0.0,0.0,0.0,116123.33495688501,-0.051405539105943254,116123.33495688501,-0.051405539105943254
2025-04-29,2025-04-30,ml_selective_defensive_enhancement,GradientBoosting,10,0.030049468402158944,0.7479842689366691,0.7371659400920446,0.013534732564723484,0.013534732564723484,0.013534732564723484,1.0,0.0,0.0,0.0,0.0,0.0,117695.03324005025,-0.038566566765364185,117695.03324005025,-0.038566566765364185
2025-04-30,2025-05-06,ml_selective_defensive_enhancement,GradientBoosting,10,0.034271895520137305,0.7496561226892515,0.7367660311477773,0.031113927913336337,0.031113927913336337,0.031113927913336337,1.0,0.0,0.0,0.0,0.0,0.0,121356.9880200389,-0.008652596230230292,121356.9880200389,-0.008652596230230292
2025-05-06,2025-05-07,ml_selective_defensive_enhancement,GradientBoosting,10,0.02379395975659687,0.7297964038086443,0.6753309882669878,0.012083684294397434,0.012083684294397434,0.012083684294397434,1.0,0.0,0.0,0.0,0.0,0.0,122823.42755019202,0.0,122823.42755019202,0.0
2025-05-07,2025-05-08,ml_selective_defensive_enhancement,GradientBoosting,10,0.02801638687457523,0.7297964038086443,0.701715935884603,0.017344537966341278,0.017344537966341278,0.017344537966341278,1.0,0.0,0.0,0.0,0.0,0.0,124953.74315249249,0.0,124953.74315249249,0.0
2025-05-08,2025-05-09,ml_selective_defensive_enhancement,GradientBoosting,10,0.026453408026751515,0.4860694979769334,0.5509324594153381,-0.006438361313231167,-0.006438361313231167,-0.006438361313231167,1.0,0.0,0.0,0.0,-0.0,0.0,124149.24580663606,-0.006438361313231167,124149.24580663606,-0.006438361313231167
2025-05-09,2025-05-12,ml_selective_defensive_enhancement,GradientBoosting,10,0.014424082154304784,0.48740478361083583,0.5618813432462707,0.00986031772876661,0.00986031772876661,0.00986031772876661,1.0,0.0,0.0,0.0,0.0,0.0,125373.39681607623,0.0,125373.39681607623,0.0
2025-05-12,2025-05-13,ml_selective_defensive_enhancement,GradientBoosting,10,0.00129549070865067,0.466046155172348,0.5346289456685338,-0.0016504777350773159,-0.0016504777350773159,-0.0016504777350773159,1.0,0.0,0.0,0.0,-0.0,0.0,125166.47081606029,-0.0016504777350773159,125166.47081606029,-0.0016504777350773159
2025-05-13,2025-05-14,ml_selective_defensive_enhancement,GradientBoosting,10,0.00129549070865067,0.44773217892108036,0.518823400268409,-0.002039469473070765,-0.002039469473070765,-0.002039469473070765,1.0,0.0,0.0,0.0,-0.0,0.0,124911.19761977893,-0.0036865811091914003,124911.19761977893,-0.0036865811091914003
2025-05-14,2025-05-15,ml_selective_defensive_enhancement,GradientBoosting,10,-0.00011709261353350183,0.44773217892108036,0.4799887028405876,0.0035498247204925892,0.0035498247204925892,0.0035498247204925892,1.0,0.0,0.0,0.0,0.0,0.0,125354.61047695596,-0.0001498431054542948,125354.61047695596,-0.0001498431054542948
2025-05-15,2025-05-16,ml_selective_defensive_enhancement,GradientBoosting,10,-0.00011709261353350183,0.46762108354666043,0.5080320623934904,0.006153303654075071,0.006153303654075071,0.005938704544452819,0.97,0.030000000000000027,3.0000000000000028e-05,-0.030000000000000027,-0.00018459910962225227,-0.00018459910962225227,126099.05447186356,0.0,126125.95545965897,0.0
2025-05-16,2025-05-19,ml_selective_defensive_enhancement,GradientBoosting,10,-0.00011709261353350183,0.46762108354666043,0.5080320623934904,0.01628363400594046,0.01628363400594046,0.015795124985762247,0.97,0.0,0.0,-0.030000000000000027,-0.0004885090201782143,-0.0006731081298004666,128090.80479783309,0.0,128179.74435701361,0.0
2025-05-19,2025-05-20,ml_selective_defensive_enhancement,GradientBoosting,10,-0.00011709261353350183,0.4682336224341295,0.4774679685310746,0.01733963264549554,0.01733963264549554,0.01681944366613067,0.97,0.0,0.0,-0.030000000000000027,-0.0005201889793648666,-0.0011932971091653333,130245.22087327957,0.0,130402.33403675776,0.0
2025-05-20,2025-05-21,ml_selective_defensive_enhancement,GradientBoosting,10,-0.00011709261353350183,0.48236162266092864,0.5080320623934904,-0.007662957007357862,-0.007662957007357862,-0.007433068297137127,0.97,0.0,0.0,-0.030000000000000027,0.00022988871022073607,-0.0009634083989445972,129277.09925115277,-0.00743306829713708,129403.06655737497,-0.007662957007357862
2025-05-21,2025-05-22,ml_selective_defensive_enhancement,GradientBoosting,10,-0.00011709261353350183,0.45889326737057134,0.4942948860362492,-0.014658599384279047,-0.014658599384279047,-0.014218841402750676,0.97,0.0,0.0,-0.030000000000000027,0.0004397579815283718,-0.0005236504174162254,127438.92867989298,-0.021546220080634892,127506.19884561321,-0.022209228174767115
2025-05-22,2025-05-23,ml_selective_defensive_enhancement,GradientBoosting,10,-0.00011709261353350183,0.44773217892108036,0.4942948860362492,-0.00952704927978354,-0.00952704927978354,-0.009241237801390034,0.97,0.0,0.0,-0.030000000000000027,0.0002858114783935064,-0.00023783893902271894,126261.2352348077,-0.030588344138538837,126291.44100573317,-0.031524689043263665
2025-05-23,2025-05-26,ml_selective_defensive_enhancement,GradientBoosting,10,-0.0027631499410714667,0.44773217892108036,0.4942948860362492,0.012709704657964505,0.012709704657964505,0.012328413518225568,0.97,0.0,0.0,-0.030000000000000027,-0.00038129113973893545,-0.0006191300787616544,127817.83595410436,-0.01863703637569092,127896.56792174479,-0.01921565387247326
2025-05-26,2025-05-27,ml_selective_defensive_enhancement,GradientBoosting,10,-0.0027631499410714667,0.44773217892108036,0.4942948860362492,0.009623256527289792,0.009623256527289792,0.009334558831471098,0.97,0.0,0.0,-0.030000000000000027,-0.00028869769581869404,-0.0009078277745803484,129010.95906352927,-0.00947644605671294,129127.34940381568,-0.009777314511737911
2025-05-27,2025-05-28,ml_selective_defensive_enhancement,GradientBoosting,10,-0.0027631499410714667,0.44773217892108036,0.4942948860362492,-0.004257631644258741,-0.004257631644258741,-0.0041299026949309795,0.97,0.0,0.0,-0.030000000000000027,0.00012772894932776236,-0.000780098825252586,128478.15635601718,-0.013567211951535874,128577.57271485474,-0.013993317952335493
2025-05-28,2025-05-29,ml_selective_defensive_enhancement,GradientBoosting,10,-0.00011709261353350183,0.44773217892108036,0.4942948860362492,0.020066350670167488,0.020066350670167488,0.019464360150062462,0.97,0.0,0.0,-0.030000000000000027,-0.0006019905201050252,-0.0013820893453576112,130978.90146274673,0.0,131157.65537726998,0.0
2025-05-29,2025-05-30,ml_selective_defensive_enhancement,GradientBoosting,10,-0.00011709261353350183,0.4495887320033083,0.4942948860362492,-0.011111228132997697,-0.011111228132997697,-0.010777891289007765,0.97,0.0,0.0,-0.030000000000000027,0.0003333368439899312,-0.00104875250136768,129567.22510162758,-0.010777891289007746,129700.33274698404,-0.011111228132997697
2025-05-30,2025-06-03,ml_selective_defensive_enhancement,GradientBoosting,10,-0.00011709261353350183,0.44773217892108036,0.4799887028405876,0.012399088333652886,0.012399088333652886,0.012027115683643298,0.97,0.0,0.0,-0.030000000000000027,-0.0003719726500095869,-0.001420725151377267,131125.5451067335,0.0,131308.49862961806,0.0
2025-06-03,2025-06-04,ml_selective_defensive_enhancement,GradientBoosting,10,-0.00011709261353350183,0.44773217892108036,0.4840417446548051,0.013050951943125222,0.013050951943125222,0.012659423384831465,0.97,0.0,0.0,-0.030000000000000027,-0.000391528558293757,-0.001812253709671024,132785.51889880645,0.0,133022.19953495712,0.0
2025-06-04,2025-06-05,ml_selective_defensive_enhancement,GradientBoosting,10,-0.00011709261353350183,0.45407962927195283,0.47729339624306377,0.0011422779930798654,0.0011422779930798654,0.0011080096532874693,0.97,0.0,0.0,-0.030000000000000027,-3.4268339792395994e-05,-0.00184652204946342,132932.6465355631,0.0,133174.147866077,0.0
2025-06-05,2025-06-06,ml_selective_defensive_enhancement,GradientBoosting,10,-0.00011709261353350183,0.45407962927195283,0.47072765440706643,0.010194090166043113,0.010194090166043113,0.00988826746106182,0.97,0.0,0.0,-0.030000000000000027,-0.00030582270498129364,-0.0021523447544447138,134247.12009881355,0.0,134531.73713720974,0.0
2025-06-06,2025-06-09,ml_selective_defensive_enhancement,GradientBoosting,10,-0.0014124530662904028,0.568596298831884,0.5876848852125397,0.013945761236081822,0.013945761236081822,0.013915761236081821,1.0,0.030000000000000027,3.0000000000000028e-05,0.0,0.0,-0.0021523447544447138,136115.27096874025,0.0,136407.8846220006,0.0
2025-06-09,2025-06-10,ml_selective_defensive_enhancement,GradientBoosting,10,-0.0014124530662904028,0.6146445853645309,0.5967587524995768,-0.008040522613716683,-0.008040522613716683,-0.008040522613716683,1.0,0.0,0.0,0.0,-0.0,-0.0021523447544447138,135020.8330544439,-0.008040522613716794,135311.09394100815,-0.008040522613716683
2025-06-10,2025-06-11,ml_selective_defensive_enhancement,GradientBoosting,10,-0.0014124530662904028,0.568596298831884,0.5967587524995768,0.007691224001028951,0.007691224001028951,0.007691224001028951,1.0,0.0,0.0,0.0,0.0,-0.0021523447544447138,136059.30852627117,-0.0004111400731953152,136351.8018743327,-0.00041114007319509316
2025-06-11,2025-06-12,ml_selective_defensive_enhancement,GradientBoosting,10,-0.0014124530662904028,0.5598824903376839,0.6019278795678615,0.0029095565560250947,0.0029095565560250947,0.0029095565560250947,1.0,0.0,0.0,0.0,0.0,-0.0021523447544447138,136455.18077940203,0.0,136748.525153402,0.0
2025-06-12,2025-06-13,ml_selective_defensive_enhancement,GradientBoosting,10,-0.0014124530662904028,0.5598824903376839,0.6019278795678615,-0.01653797511828703,-0.01653797511828703,-0.01653797511828703,1.0,0.0,0.0,0.0,-0.0,-0.0021523447544447138,134198.4883949109,-0.01653797511828714,134486.9814469526,-0.01653797511828714
2025-06-13,2025-06-16,ml_selective_defensive_enhancement,GradientBoosting,10,-0.0014124530662904028,0.5631409808316495,0.591246431553547,0.01361555970057271,0.01361555970057271,0.01361555970057271,1.0,0.0,0.0,0.0,0.0,-0.0021523447544447138,136025.67592537843,-0.003147589205264034,136318.0969717934,-0.003147589205263923
2025-06-16,2025-06-17,ml_selective_defensive_enhancement,GradientBoosting,10,-0.0014124530662904028,0.5544033357539188,0.5863928993062925,-0.0029143292584066227,-0.0029143292584066227,-0.0029143292584066227,1.0,0.0,0.0,0.0,-0.0,-0.0021523447544447138,135629.25231813456,-0.006052745352356337,135920.82115333818,-0.006052745352356226
2025-06-17,2025-06-18,ml_selective_defensive_enhancement,GradientBoosting,10,-0.0014124530662904028,0.5544033357539188,0.5863928993062925,-0.005878216046798057,-0.005878216046798057,-0.005878216046798057,1.0,0.0,0.0,0.0,-0.0,-0.0021523447544447138,134831.99427074287,-0.011895382054297077,135121.84920134066,-0.011895382054296855
2025-06-18,2025-06-19,ml_selective_defensive_enhancement,GradientBoosting,10,-0.0014124530662904028,0.5544033357539188,0.5863928993062925,-0.022695023860443975,-0.022695023860443975,-0.022695023860443975,1.0,0.0,0.0,0.0,-0.0,-0.0021523447544447138,131771.9789436171,-0.03432043993518963,132055.2556096489,-0.03432043993518952
2025-06-19,2025-06-20,ml_selective_defensive_enhancement,GradientBoosting,10,-0.004189898710283252,0.4854037909456668,0.5313901992686806,-0.002700870722226578,-0.002700870722226578,-0.002700870722226578,1.0,0.0,0.0,0.0,-0.0,-0.0021523447544447138,131416.07986367843,-0.03692861558602145,131698.59143605665,-0.03692861558602134
2025-06-20,2025-06-23,ml_selective_defensive_enhancement,GradientBoosting,10,-0.004189898710283252,0.49270772891058734,0.5289528721504364,0.025340725776846318,0.025340725776846318,0.025340725776846318,1.0,0.0,0.0,0.0,0.0,-0.0021523447544447138,134746.25870617206,-0.012523687730058963,135035.92932683468,-0.012523687730058963
2025-06-23,2025-06-24,ml_selective_defensive_enhancement,GradientBoosting,10,-0.0029768863902657526,0.5340424524901645,0.5443172342686845,0.026553705836741548,0.026553705836741548,0.026553705836741548,1.0,0.0,0.0,0.0,0.0,-0.0021523447544447138,138324.27122245723,0.0,138621.63367157048,0.0
2025-06-24,2025-06-25,ml_selective_defensive_enhancement,GradientBoosting,10,-0.006101208069248905,0.5359969220425311,0.5472272122230726,0.005749737923557374,0.005749737923557374,0.005749737923557374,1.0,0.0,0.0,0.0,0.0,-0.0021523447544447138,139119.59953045342,0.0,139418.6717357174,0.0
2025-06-25,2025-06-26,ml_selective_defensive_enhancement,GradientBoosting,10,-0.006101208069248905,0.5428501347002712,0.5318428824943533,0.002054901743198778,0.002054901743198778,0.002054901743198778,1.0,0.0,0.0,0.0,0.0,-0.0021523447544447138,139405.47663804167,0.0,139705.1634073016,0.0
2025-06-26,2025-06-27,ml_selective_defensive_enhancement,GradientBoosting,10,-0.006101208069248905,0.5428501347002712,0.5419681421289162,0.008525086813108596,0.008525086813108596,0.008525086813108596,1.0,0.0,0.0,0.0,0.0,-0.0021523447544447138,140593.92042860377,0.0,140896.16205358837,0.0
2025-06-27,2025-06-30,ml_selective_defensive_enhancement,GradientBoosting,10,-0.0029768863902657526,0.5428501347002712,0.5419681421289162,0.015376621339424856,0.015376621339424856,0.015376621339424856,1.0,0.0,0.0,0.0,0.0,-0.0021523447544447138,142755.77990565964,0.0,143062.66898566464,0.0
2025-06-30,2025-07-01,ml_selective_defensive_enhancement,GradientBoosting,10,-0.0029768863902657526,0.5428501347002712,0.5419681421289162,0.006206586242389012,0.006206586242389012,0.006206586242389012,1.0,0.0,0.0,0.0,0.0,-0.0021523447544447138,143641.80596524364,0.0,143950.59977879052,0.0
2025-07-01,2025-07-02,ml_selective_defensive_enhancement,GradientBoosting,10,-0.0029768863902657526,0.5975562216556762,0.5579137474167992,0.0024891997136555766,0.0024891997136555766,0.0024891997136555766,1.0,0.0,0.0,0.0,0.0,-0.0021523447544447138,143999.35910752128,0.0,144308.92157054043,0.0
2025-07-02,2025-07-03,ml_selective_defensive_enhancement,GradientBoosting,10,-0.0029768863902657526,0.5829372969143456,0.547636565305678,0.006422921117722247,0.006422921117722247,0.006422921117722247,1.0,0.0,0.0,0.0,0.0,-0.0021523447544447138,144924.25563207144,0.0,145235.80639037158,0.0
2025-07-03,2025-07-04,ml_selective_defensive_enhancement,GradientBoosting,10,-0.0029768863902657526,0.6156474335680061,0.5792924910972213,-0.011759491576041947,-0.011759491576041947,-0.011759491576041947,1.0,0.0,0.0,0.0,-0.0,-0.0021523447544447138,143220.02006880194,-0.011759491576041947,143527.90714858435,-0.011759491576041947
2025-07-04,2025-07-07,ml_selective_defensive_enhancement,GradientBoosting,10,-0.0035604707899441956,0.5246022887273057,0.45366550531964134,0.016673050752520124,0.016673050752520124,0.016673050752520124,1.0,0.0,0.0,0.0,0.0,-0.0021523447544447138,145607.93473218603,0.0,145920.95522887568,0.0
2025-07-07,2025-07-08,ml_selective_defensive_enhancement,GradientBoosting,10,-0.0035604707899441956,0.5246022887273057,0.45366550531964134,0.008061599862168922,0.008061599862168922,0.008061599862168922,1.0,0.0,0.0,0.0,0.0,-0.0021523447544447138,146781.76763875372,0.0,147097.31158143634,0.0
2025-07-08,2025-07-09,ml_selective_defensive_enhancement,GradientBoosting,10,-0.0035604707899441956,0.513321896926275,0.426796538486742,0.0012508428163870988,0.0012508428163870988,0.0012508428163870988,1.0,0.0,0.0,0.0,0.0,-0.0021523447544447138,146965.36855838125,0.0,147281.30719693782,0.0
2025-07-09,2025-07-10,ml_selective_defensive_enhancement,GradientBoosting,10,-0.0035604707899441956,0.513321896926275,0.434496606951184,0.0037478404898079187,0.0037478404898079187,0.0037478404898079187,1.0,0.0,0.0,0.0,0.0,-0.0021523447544447138,147516.17131726388,0.0,147833.29404344235,0.0
2025-07-10,2025-07-11,ml_selective_defensive_enhancement,GradientBoosting,10,-0.0035604707899441956,0.513321896926275,0.43388149484607275,0.00019435437904702368,0.00019435437904702368,0.00019435437904702368,1.0,0.0,0.0,0.0,0.0,-0.0021523447544447138,147544.84173113963,0.0,147862.02609150865,0.0
2025-07-11,2025-07-14,ml_selective_defensive_enhancement,GradientBoosting,10,-0.0026787970725207105,0.5178103306870947,0.4384223791985185,0.013284529968666359,0.013284529968666359,0.013284529968666359,1.0,0.0,0.0,0.0,0.0,-0.0021523447544447138,149504.9056028391,0.0,149826.30360834903,0.0
2025-07-14,2025-07-15,ml_selective_defensive_enhancement,GradientBoosting,10,-0.0026787970725207105,0.5178103306870947,0.4384223791985185,-0.01437899096288342,-0.01437899096288342,-0.01437899096288342,1.0,0.0,0.0,0.0,-0.0,-0.0021523447544447138,147355.17591626913,-0.014378990962883531,147671.95254276236,-0.01437899096288342
2025-07-15,2025-07-16,ml_selective_defensive_enhancement,GradientBoosting,10,-0.0035604707899441956,0.513321896926275,0.43271473733306853,0.012553295380349994,0.012553295380349994,0.012553295380349994,1.0,0.0,0.0,0.0,0.0,-0.0021523447544447138,149204.96896536948,-0.0020061993033620995,149525.72218242468,-0.0020061993033618775
2025-07-16,2025-07-17,ml_selective_defensive_enhancement,GradientBoosting,10,-0.0035604707899441956,0.513321896926275,0.434496606951184,0.007595647699411012,0.007595647699411012,0.007595647699411012,1.0,0.0,0.0,0.0,0.0,-0.0021523447544447138,150338.277344632,0.0,150661.4668901224,0.0
2025-07-17,2025-07-18,ml_selective_defensive_enhancement,GradientBoosting,10,-0.0026787970725207105,0.4954435909952386,0.44004517254442455,0.004472422809906451,0.004472422809906451,0.004472422809906451,1.0,0.0,0.0,0.0,0.0,-0.0021523447544447138,151010.65368543015,0.0,151335.28867121573,0.0
2025-07-18,2025-07-21,ml_selective_defensive_enhancement,GradientBoosting,10,-0.0026787970725207105,0.4954435909952386,0.44004517254442455,0.018615103481135487,0.018615103481135487,0.018615103481135487,1.0,0.0,0.0,0.0,0.0,-0.0021523447544447138,153821.73263053835,0.0,154152.41073017791,0.0
2025-07-21,2025-07-22,ml_selective_defensive_enhancement,GradientBoosting,10,-0.0026787970725207105,0.5040180279292212,0.4291961537289165,0.00039607296345023357,0.00039607296345023357,0.00039607296345023357,1.0,0.0,0.0,0.0,0.0,-0.0021523447544447138,153882.65726002437,0.0,154213.4663323188,0.0
2025-07-22,2025-07-23,ml_selective_defensive_enhancement,GradientBoosting,10,-0.0026787970725207105,0.4948248157659282,0.4291961537289165,-0.0033393108909187674,-0.0033393108909187674,-0.0033393108909187674,1.0,0.0,0.0,0.0,-0.0,-0.0021523447544447138,153368.79522671245,-0.0033393108909187674,153698.49962466897,-0.0033393108909187674
2025-07-23,2025-07-24,ml_selective_defensive_enhancement,GradientBoosting,10,-0.0026787970725207105,0.4948248157659282,0.4291961537289165,0.01304070389243872,0.01304070389243872,0.01304070389243872,1.0,0.0,0.0,0.0,0.0,-0.0021523447544447138,155368.83227160407,0.0,155702.83624698638,0.0
2025-07-24,2025-07-25,ml_selective_defensive_enhancement,GradientBoosting,10,-0.0026787970725207105,0.4948248157659282,0.44460492377477295,0.006494082577760407,0.006494082577760407,0.006494082577760407,1.0,0.0,0.0,0.0,0.0,-0.0021523447544447138,156377.8102983861,0.0,156713.98332316583,0.0
2025-07-25,2025-07-28,ml_selective_defensive_enhancement,GradientBoosting,10,-0.0026787970725207105,0.4948248157659282,0.4291961537289165,0.01034640810929921,0.01034640810929921,0.01034640810929921,1.0,0.0,0.0,0.0,0.0,-0.0021523447544447138,157995.75894297176,0.0,158335.41015106122,0.0
2025-07-28,2025-07-29,ml_selective_defensive_enhancement,GradientBoosting,10,-0.0026787970725207105,0.4948248157659282,0.44577854827691116,-0.0030534670810076214,-0.0030534670810076214,-0.0030534670810076214,1.0,0.0,0.0,0.0,-0.0,-0.0021523447544447138,157513.3240941006,-0.0030534670810075104,157851.9381884071,-0.0030534670810077325
2025-07-29,2025-07-30,ml_selective_defensive_enhancement,GradientBoosting,10,-0.0026787970725207105,0.5022703789934776,0.4291961537289165,-0.000607313312412705,-0.000607313312412705,-0.000607313312412705,1.0,0.0,0.0,0.0,-0.0,-0.0021523447544447138,157417.66415549588,-0.003658925982212957,157756.07260495514,-0.003658925982213068
2025-07-30,2025-07-31,ml_selective_defensive_enhancement,GradientBoosting,10,-0.0026787970725207105,0.5022703789934776,0.4291961537289165,-0.01351961920906719,-0.01351961920906719,-0.01351961920906719,1.0,0.0,0.0,0.0,-0.0,-0.0021523447544447138,155289.43727933275,-0.017129077905286394,155623.2705754182,-0.017129077905286616
2025-07-31,2025-08-01,ml_selective_defensive_enhancement,GradientBoosting,10,-0.0026787970725207105,0.5116085407369803,0.41293285896240656,0.017285576830900595,0.017285576830900595,0.017285576830900595,1.0,0.0,0.0,0.0,0.0,-0.0021523447544447138,157973.70477845197,-0.00013958706656014286,158313.30857562562,-0.00013958706656025388
2025-08-01,2025-08-04,ml_selective_defensive_enhancement,GradientBoosting,10,0.0069615532497091836,0.6304385086412293,0.6247347738024736,0.014548747990974498,0.014548747990974498,0.014548747990974498,1.0,0.0,0.0,0.0,0.0,-0.0021523447544447138,160272.02439847426,0.0,160616.56900570978,0.0
2025-08-04,2025-08-05,ml_selective_defensive_enhancement,GradientBoosting,10,0.0069615532497091836,0.6322197972563793,0.6247347738024736,0.013450847644209674,0.013450847644209674,0.013450847644209674,1.0,0.0,0.0,0.0,0.0,-0.0021523447544447138,162427.81898028718,0.0,162776.99800454127,0.0
2025-08-05,2025-08-06,ml_selective_defensive_enhancement,GradientBoosting,10,0.0069615532497091836,0.6575238628390195,0.6247347738024736,0.006216946483003971,0.006216946483003971,0.006216946483003971,1.0,0.0,0.0,0.0,0.0,-0.0021523447544447138,163437.6240382387,0.0,163788.97388979956,0.0
2025-08-06,2025-08-07,ml_selective_defensive_enhancement,GradientBoosting,10,0.0069615532497091836,0.6575238628390195,0.6247347738024736,-0.00016192720360153068,-0.00016192720360153068,-0.00016192720360153068,1.0,0.0,0.0,0.0,-0.0,-0.0021523447544447138,163411.1590408149,-0.00016192720360153068,163762.45199927682,-0.00016192720360153068
2025-08-07,2025-08-08,ml_selective_defensive_enhancement,GradientBoosting,10,0.0069615532497091836,0.6629161081778907,0.6453066210845779,0.00974251091920375,0.00974251091920375,0.00974251091920375,1.0,0.0,0.0,0.0,0.0,-0.0021523447544447138,165003.19404208977,0.0,165357.90947603536,0.0
2025-08-08,2025-08-11,ml_selective_defensive_enhancement,GradientBoosting,10,0.0069615532497091836,0.6752811473494102,0.6422261230364402,0.016916219187419923,0.016916219187419923,0.016916219187419923,1.0,0.0,0.0,0.0,0.0,-0.0021523447544447138,167794.42423913014,0.0,168155.1401171055,0.0
2025-08-11,2025-08-12,ml_selective_defensive_enhancement,GradientBoosting,10,0.0069615532497091836,0.6752811473494102,0.6422261230364402,-0.0032119580128905367,-0.0032119580128905367,-0.0032119580128905367,1.0,0.0,0.0,0.0,-0.0,-0.0021523447544447138,167255.4755936769,-0.0032119580128905367,167615.03286739765,-0.0032119580128904257
2025-08-12,2025-08-13,ml_selective_defensive_enhancement,GradientBoosting,10,0.0069615532497091836,0.6696954361524257,0.6536696447769359,-0.0028728811883146355,-0.0028728811883146355,-0.0028728811883146355,1.0,0.0,0.0,0.0,-0.0,-0.0021523447544447138,166774.9704842012,-0.006075611627452293,167133.49479259417,-0.006075611627452182
2025-08-13,2025-08-14,ml_selective_defensive_enhancement,GradientBoosting,10,0.0069615532497091836,0.6572256642588257,0.6536696447769359,-0.025485771904159682,-0.025485771904159682,-0.025485771904159682,1.0,0.0,0.0,0.0,-0.0,-0.0021523447544447138,162524.5816271179,-0.03140654187949643,162873.96866676505,-0.03140654187949632
2025-08-14,2025-08-15,ml_selective_defensive_enhancement,GradientBoosting,10,0.007943177929183856,0.6283593361110364,0.571204493546707,0.008632051388608453,0.008632051388608453,0.008632051388608453,1.0,0.0,0.0,0.0,0.0,-0.0021523447544447138,163927.50216763528,-0.02304559337433032,164279.9051341632,-0.023045593374330098
2025-08-15,2025-08-18,ml_selective_defensive_enhancement,GradientBoosting,10,0.0069615532497091836,0.6154620664426312,0.5868505571225422,0.009787500252255388,0.009787500252255388,0.009787500252255388,1.0,0.0,0.0,0.0,0.0,-0.0021523447544447138,165531.94263645262,-0.01348365187303946,165887.7947471043,-0.01348365187303946
2025-08-18,2025-08-19,ml_selective_defensive_enhancement,GradientBoosting,10,0.0069615532497091836,0.6211349769055591,0.5833465969610873,0.015586487602755161,0.015586487602755161,0.015586487602755161,1.0,0.0,0.0,0.0,0.0,-0.0021523447544447138,168112.00420821566,0.0,168473.4028033784,0.0
2025-08-19,2025-08-20,ml_selective_defensive_enhancement,GradientBoosting,10,0.0069615532497091836,0.6211349769055591,0.5833465969610873,0.007426842567008096,0.007426842567008096,0.007426842567008096,1.0,0.0,0.0,0.0,0.0,-0.0021523447544447138,169360.5455970943,0.0,169724.62824272725,0.0
2025-08-20,2025-08-21,ml_selective_defensive_enhancement,GradientBoosting,10,0.0069615532497091836,0.6154620664426312,0.5868505571225422,0.005749221934290949,0.005749221934290949,0.005749221934290949,1.0,0.0,0.0,0.0,0.0,-0.0021523447544447138,170334.23696064457,0.0,170700.41279820973,0.0
2025-08-21,2025-08-22,ml_selective_defensive_enhancement,GradientBoosting,10,0.0069615532497091836,0.6702605935302337,0.6035022704742525,-0.004484718616680428,-0.004484718616680428,-0.004484718616680428,1.0,0.0,0.0,0.0,-0.0,-0.0021523447544447138,169570.3358370891,-0.004484718616680428,169934.86947905857,-0.004484718616680317
2025-08-22,2025-08-25,ml_selective_defensive_enhancement,GradientBoosting,10,0.0069615532497091836,0.6381043191205785,0.6169153093638782,0.0026580827663569284,0.0026580827663569284,0.0026580827663569284,1.0,0.0,0.0,0.0,0.0,-0.0021523447544447138,170021.06782446304,-0.0018385566035904466,170386.57042702398,-0.0018385566035903356
2025-08-25,2025-08-26,ml_selective_defensive_enhancement,GradientBoosting,10,0.0069615532497091836,0.6702605935302337,0.6049912248439852,0.009540487077212445,0.009540487077212445,0.009540487077212445,1.0,0.0,0.0,0.0,0.0,-0.0021523447544447138,171643.15162489619,0.0,172012.14130031355,0.0
2025-08-26,2025-08-27,ml_selective_defensive_enhancement,GradientBoosting,10,0.0069615532497091836,0.643636608553431,0.6049912248439852,-0.03662402991211389,-0.03662402991211389,-0.03662402991211389,1.0,0.0,0.0,0.0,-0.0,-0.0021523447544447138,165356.8877055765,-0.03662402991211389,165712.3634920841,-0.03662402991211389
2025-08-27,2025-08-28,ml_selective_defensive_enhancement,GradientBoosting,10,0.004672721787472394,0.6361232481262452,0.5702237527904042,-0.004112893679947827,-0.004112893679947827,-0.004112893679947827,1.0,0.0,0.0,0.0,-0.0,-0.0021523447544447138,164676.7924071964,-0.04058629285090187,165030.8061595883,-0.040586292850901984
2025-08-28,2025-08-29,ml_selective_defensive_enhancement,GradientBoosting,10,-0.014537468106366233,0.647923768399766,0.611872973557233,-0.007210130006662707,-0.007210130006662707,-0.007210130006662707,1.0,0.0,0.0,0.0,-0.0,-0.0021523447544447138,163489.4513248603,-0.04750379040962105,163840.91259207332,-0.04750379040962116
2025-08-29,2025-09-01,ml_selective_defensive_enhancement,GradientBoosting,10,-0.02473054861279807,0.5941378909163578,0.5697802025699229,0.012874190409866149,0.012874190409866149,0.012874190409866149,1.0,0.0,0.0,0.0,0.0,-0.0021523447544447138,165594.2456512211,-0.03524117284267869,165950.2316977099,-0.0352411728426788
2025-09-01,2025-09-02,ml_selective_defensive_enhancement,GradientBoosting,10,-0.022711695025623663,0.5993296791197424,0.6039833304598062,-0.009151264729091113,-0.009151264729091113,-0.009151264729091113,1.0,0.0,0.0,0.0,-0.0,-0.0021523447544447138,164078.84887165265,-0.044069936269722776,164431.57719559016,-0.04406993626972289
2025-09-02,2025-09-03,ml_selective_defensive_enhancement,GradientBoosting,10,-0.01698900146911522,0.5914799446720556,0.6067405804455228,-0.025995278778867092,-0.025995278778867092,-0.025995278778867092,1.0,0.0,0.0,0.0,-0.0,-0.0021523447544447138,159813.57345351845,-0.06891960476949144,160157.132506342,-0.06891960476949166
2025-09-03,2025-09-04,ml_selective_defensive_enhancement,GradientBoosting,10,-0.005226008717623664,0.6133328781997386,0.6062654712600242,0.009568527875000177,0.009568527875000177,0.009568527875000177,1.0,0.0,0.0,0.0,0.0,-0.0021523447544447138,161342.75408591182,-0.060010536053862196,161689.60049310903,-0.06001053605386231
2025-09-04,2025-09-05,ml_selective_defensive_enhancement,GradientBoosting,10,0.02498821447730288,0.6130528621745536,0.5998296693515003,0.015958719201722316,0.015958719201722316,0.015958719201722316,1.0,0.0,0.0,0.0,0.0,-0.0021523447544447138,163917.5777936014,-0.04500950814616833,164269.9594252172,-0.04500950814616844
2025-09-05,2025-09-08,ml_selective_defensive_enhancement,GradientBoosting,10,0.02498821447730288,0.6079225658990103,0.5998296693515003,0.019951227716111797,0.019951227716111797,0.019951227716111797,1.0,0.0,0.0,0.0,0.0,-0.0021523447544447138,167187.93471483502,-0.02595627537647094,167547.34679262617,-0.02595627537647105
2025-09-08,2025-09-09,ml_selective_defensive_enhancement,GradientBoosting,10,0.02498821447730288,0.6131328534381952,0.5901315401915798,-0.004600445534187703,-0.004600445534187703,-0.004600445534187703,1.0,0.0,0.0,0.0,-0.0,-0.0021523447544447138,166418.7957272061,-0.03043731047951881,166776.55434930904,-0.03043731047951892
2025-09-09,2025-09-10,ml_selective_defensive_enhancement,GradientBoosting,10,0.02596894665119395,0.6325970156907387,0.5901315401915798,0.006228537635441844,0.006228537635441844,0.006228537635441844,1.0,0.0,0.0,0.0,0.0,-0.0021523447544447138,167455.34145963792,-0.02439835277792024,167815.32839478302,-0.02439835277792035
2025-09-10,2025-09-11,ml_selective_defensive_enhancement,GradientBoosting,10,0.022969360890128472,0.6702164316727849,0.6193505413665578,0.007393407997260626,0.007393407997260626,0.007393407997260626,1.0,0.0,0.0,0.0,0.0,-0.0021523447544447138,168693.4071203696,-0.017185331757207933,169056.0555857999,-0.017185331757208044
2025-09-11,2025-09-12,ml_selective_defensive_enhancement,GradientBoosting,10,0.028558393654598817,0.7217740446978721,0.6970795101132057,-0.003717781946777743,-0.003717781946777743,-0.003717781946777743,1.0,0.0,0.0,0.0,-0.0,-0.0021523447544447138,168066.24181683708,-0.020839222387829204,168427.54203434958,-0.020839222387829426
2025-09-12,2025-09-15,ml_selective_defensive_enhancement,GradientBoosting,10,0.022969360890128472,0.6483280179743243,0.6526809488441918,0.000616748325676042,0.000616748325676042,0.000616748325676042,1.0,0.0,0.0,0.0,0.0,-0.0021523447544447138,168169.89639008028,-0.020235326617669247,168531.419438897,-0.02023532661766947
2025-09-15,2025-09-16,ml_selective_defensive_enhancement,GradientBoosting,10,0.022969360890128472,0.684706732906471,0.6758174200284263,0.015294455145280939,0.015294455145280939,0.015294455145280939,1.0,0.0,0.0,0.0,0.0,-0.0021523447544447138,170741.9633272049,-0.005250359767692392,171109.01567407572,-0.005250359767692614
2025-09-16,2025-09-17,ml_selective_defensive_enhancement,GradientBoosting,10,0.03631701987859344,0.7372666073801349,0.7070880215207753,-0.00123031217960623,-0.00123031217960623,-0.00123031217960623,1.0,0.0,0.0,0.0,-0.0,-0.0021523447544447138,170531.89741015356,-0.006474212365729204,170898.49816805148,-0.006474212365729315
2025-09-17,2025-09-18,ml_selective_defensive_enhancement,GradientBoosting,10,0.028558393654598817,0.7372969509586471,0.6970795101132057,-0.02014086806672566,-0.02014086806672566,-0.02014086806672566,1.0,0.0,0.0,0.0,-0.0,-0.0021523447544447138,167097.23696324727,-0.02648468417536065,167456.4540636472,-0.026484684175360873
2025-09-18,2025-09-19,ml_selective_defensive_enhancement,GradientBoosting,10,0.031708719288014164,0.6423892887172945,0.6112594482437573,-0.008369436461244661,-0.008369436461244661,-0.008369436461244661,1.0,0.0,0.0,0.0,-0.0,-0.0021523447544447138,165698.72725563383,-0.03463245875520349,166054.93791133616,-0.03463245875520371
2025-09-19,2025-09-22,ml_selective_defensive_enhancement,GradientBoosting,10,0.022969360890128472,0.6272036684666104,0.5901315401915798,-0.006475216325797173,-0.006475216325797173,-0.006475216325797173,1.0,0.0,0.0,0.0,-0.0,-0.0021523447544447138,164625.79215174433,-0.04088342241866649,164979.69626639344,-0.040883422418666715
2025-09-22,2025-09-23,ml_selective_defensive_enhancement,GradientBoosting,10,0.022969360890128472,0.6343689639280905,0.5901315401915798,-0.013021439492002962,-0.013021439492002962,-0.013021439492002962,1.0,0.0,0.0,0.0,-0.0,-0.0021523447544447138,162482.12736041733,-0.05337250089941881,162831.42313405158,-0.05337250089941903
2025-09-23,2025-09-24,ml_selective_defensive_enhancement,GradientBoosting,10,0.010873723004076456,0.6739930284939036,0.6356147168293367,0.021545895523020997,0.021545895523020997,0.021545895523020997,1.0,0.0,0.0,0.0,0.0,-0.0021523447544447138,165982.95030088307,-0.03297656370457913,166339.77196476268,-0.03297656370457924
2025-09-24,2025-09-25,ml_selective_defensive_enhancement,GradientBoosting,10,0.021538008544838907,0.6080029395798004,0.6085767484586415,-0.009056755446011477,-0.009056755446011477,-0.009056755446011477,1.0,0.0,0.0,0.0,-0.0,-0.0021523447544447138,164479.6833118005,-0.04173465847766833,164833.2733291325,-0.04173465847766855
2025-09-25,2025-09-26,ml_selective_defensive_enhancement,GradientBoosting,10,0.021538008544838907,0.5998464001856187,0.5964062596888113,0.003900180846374335,0.003900180846374335,0.003900180846374335,1.0,0.0,0.0,0.0,0.0,-0.0021523447544447138,165121.1838222709,-0.03799725034691859,165476.15290461597,-0.03799725034691881
2025-09-26,2025-09-29,ml_selective_defensive_enhancement,GradientBoosting,10,0.014967344633091254,0.5624643625996966,0.5703056910377977,0.013346333514757225,0.013346333514757225,0.013346333514757225,1.0,0.0,0.0,0.0,0.0,-0.0021523447544447138,167324.94621191444,-0.025158040807935156,167684.65283001994,-0.025158040807935267
2025-09-29,2025-09-30,ml_selective_defensive_enhancement,GradientBoosting,10,0.017073332982681204,0.6344924309728786,0.6537590436382997,0.00018123105311707022,0.00018123105311707022,0.00018123105311707022,1.0,0.0,0.0,0.0,0.0,-0.0021523447544447138,167355.27068812918,-0.024981369173048162,167715.0424962439,-0.024981369173048162
2025-09-30,2025-10-09,ml_selective_defensive_enhancement,GradientBoosting,10,0.017073332982681204,0.6316373545708891,0.6368534077826382,-0.0004035778411055624,-0.0004035778411055624,-0.0004035778411055624,1.0,0.0,0.0,0.0,-0.0,-0.0021523447544447138,167287.72980928724,-0.02537486508711495,167647.35642147233,-0.02537486508711506
2025-10-09,2025-10-10,ml_selective_defensive_enhancement,GradientBoosting,10,0.017073332982681204,0.633188021339133,0.6280873083474917,0.008160507559840324,0.008160507559840324,0.008160507559840324,1.0,0.0,0.0,0.0,0.0,-0.0021523447544447138,168652.88259306445,-0.01742142930564794,169015.443940937,-0.01742142930564805
2025-10-10,2025-10-13,ml_selective_defensive_enhancement,GradientBoosting,10,0.023237662987147252,0.6543686664423453,0.6410306943479405,-0.0010886319688384605,-0.0010886319688384605,-0.0010886319688384605,1.0,0.0,0.0,0.0,-0.0,-0.0021523447544447138,168469.2816734369,-0.018491095749601283,168831.44832543546,-0.018491095749601616
2025-10-13,2025-10-14,ml_selective_defensive_enhancement,GradientBoosting,10,0.0142922992202141,0.618693011169976,0.6381527049528941,-0.0027670914121984413,-0.0027670914121984413,-0.0027670914121984413,1.0,0.0,0.0,0.0,-0.0,-0.0021523447544447138,168003.1117708991,-0.02120702060954882,168364.2762746651,-0.021207020609549154
2025-10-14,2025-10-15,ml_selective_defensive_enhancement,GradientBoosting,10,0.008495981194734027,0.621830299838576,0.6172061386182186,0.010024285386104781,0.010024285386104781,0.010024285386104781,1.0,0.0,0.0,0.0,0.0,-0.0021523447544447138,169687.22290904424,-0.011395320450223179,170052.00782886735,-0.011395320450223512
2025-10-15,2025-10-16,ml_selective_defensive_enhancement,GradientBoosting,10,0.008495981194734027,0.6642540409294524,0.6172061386182186,-0.011503925891387823,-0.011503925891387823,-0.011503925891387823,1.0,0.0,0.0,0.0,-0.0,-0.0021523447544447138,167735.1536719832,-0.022768155419643055,168095.74213312237,-0.022768155419643277
2025-10-16,2025-10-17,ml_selective_defensive_enhancement,GradientBoosting,10,0.008495981194734027,0.6174933527210101,0.6172061386182186,-0.011059285263490093,-0.011059285263490093,-0.011059285263490093,1.0,0.0,0.0,0.0,-0.0,-0.0021523447544447138,165880.1227588094,-0.03357564115742373,166236.7233692941,-0.03357564115742406
2025-10-17,2025-10-20,ml_selective_defensive_enhancement,GradientBoosting,10,0.007319154770393304,0.5433053570203472,0.5496042917456668,0.021596459476932006,0.021596459476932006,0.021596459476932006,1.0,0.0,0.0,0.0,0.0,-0.0021523447544447138,169462.54610799853,-0.012704296654160063,169826.848029117,-0.012704296654160396
2025-10-20,2025-10-21,ml_selective_defensive_enhancement,GradientBoosting,10,0.01682658561100767,0.6222520929360006,0.6249465899161692,0.022724388902806814,0.022724388902806814,0.022724388902806814,1.0,0.0,0.0,0.0,0.0,-0.0021523447544447138,173313.4789102165,0.0,173686.05936986854,0.0
2025-10-21,2025-10-22,ml_selective_defensive_enhancement,GradientBoosting,10,0.022990915615473728,0.6410684456439605,0.6421098103920003,0.006214578730457054,0.006214578730457054,0.006214578730457054,1.0,0.0,0.0,0.0,0.0,-0.0021523447544447138,174390.54916995345,0.0,174765.4450602054,0.0
2025-10-22,2025-10-23,ml_selective_defensive_enhancement,GradientBoosting,10,0.01839763168371014,0.6428089248826451,0.6412977637181323,0.007061445802178268,0.007061445802178268,0.007061445802178268,1.0,0.0,0.0,0.0,0.0,-0.0021523447544447138,175621.9985813292,0.0,175999.5417785916,0.0
2025-10-23,2025-10-24,ml_selective_defensive_enhancement,GradientBoosting,10,0.01682658561100767,0.654885335838314,0.6344099800952947,0.003850518870368136,0.003850518870368136,0.003850518870368136,1.0,0.0,0.0,0.0,0.0,-0.0021523447544447138,176298.23440091836,0.0,176677.23133538623,0.0
2025-10-24,2025-10-27,ml_selective_defensive_enhancement,GradientBoosting,10,0.01839763168371014,0.6791756818784551,0.6432511011281163,0.0016903566793324831,0.0016903566793324831,0.0016903566793324831,1.0,0.0,0.0,0.0,0.0,-0.0021523447544447138,176596.24129899248,0.0,176975.87887345997,0.0
2025-10-27,2025-10-28,ml_selective_defensive_enhancement,GradientBoosting,10,0.022061753690224502,0.6681956607610423,0.6340388594045414,0.004242956894492833,0.004242956894492833,0.004242956894492833,1.0,0.0,0.0,0.0,0.0,-0.0021523447544447138,177345.53153855357,0.0,177726.77989888506,0.0
2025-10-28,2025-10-29,ml_selective_defensive_enhancement,GradientBoosting,10,0.017468469758460916,0.6798520462278183,0.6432124762523205,-0.012340881287219774,-0.012340881287219774,-0.012340881287219774,1.0,0.0,0.0,0.0,-0.0,-0.0021523447544447138,175156.9313870174,-0.012340881287219774,175533.4748065931,-0.012340881287219663
2025-10-29,2025-10-30,ml_selective_defensive_enhancement,GradientBoosting,10,0.015897423685758447,0.6705086725226969,0.6432124762523205,-0.007723059004989152,-0.007723059004989152,-0.007723059004989152,1.0,0.0,0.0,0.0,-0.0,-0.0021523447544447138,173804.18407078262,-0.01996863093785417,174177.81942331098,-0.01996863093785417
2025-10-30,2025-10-31,ml_selective_defensive_enhancement,GradientBoosting,10,0.017073332982681204,0.6835264629442961,0.6574258245548595,0.01798519500747875,0.01798519500747875,0.01798519500747875,1.0,0.0,0.0,0.0,0.0,-0.0021523447544447138,176930.08621441136,-0.002342575651825163,177310.44147161665,-0.002342575651825052
2025-10-31,2025-11-03,ml_selective_defensive_enhancement,GradientBoosting,10,0.023237662987147252,0.6926355044702234,0.6484179012699892,0.014004319089064632,0.014004319089064632,0.014004319089064632,1.0,0.0,0.0,0.0,0.0,-0.0021523447544447138,179407.8715982137,0.0,179793.5534718081,0.0
2025-11-03,2025-11-04,ml_selective_defensive_enhancement,GradientBoosting,10,0.021002610344229997,0.6977592606533822,0.6813055831536885,0.0025384532644940894,0.0025384532644940894,0.0025384532644940894,1.0,0.0,0.0,0.0,0.0,-0.0021523447544447138,179863.29009554812,0.0,180249.9510045536,0.0
2025-11-04,2025-11-05,ml_selective_defensive_enhancement,GradientBoosting,10,0.01964618062609877,0.7036596539636466,0.6797098287565846,0.011722114762691582,0.011722114762691582,0.011722114762691582,1.0,0.0,0.0,0.0,0.0,-0.0021523447544447138,181971.6682236434,0.0,182362.8616161985,0.0
2025-11-05,2025-11-06,ml_selective_defensive_enhancement,GradientBoosting,10,0.01964618062609877,0.6977592606533822,0.6813055831536885,0.0011922616612887182,0.0011922616612887182,0.0011922616612887182,1.0,0.0,0.0,0.0,0.0,-0.0021523447544447138,182188.62606710722,0.0,182580.2858645464,0.0
2025-11-06,2025-11-07,ml_selective_defensive_enhancement,GradientBoosting,10,0.016858607252019344,0.6906444165752509,0.6817470003057686,0.001216565261009217,0.001216565261009217,0.001216565261009217,1.0,0.0,0.0,0.0,0.0,-0.0021523447544447138,182410.27042053145,0.0,182802.40669767433,0.0
2025-11-07,2025-11-10,ml_selective_defensive_enhancement,GradientBoosting,10,0.015502177533888125,0.7063256073959249,0.6817470003057686,0.007901088288767566,0.007901088288767566,0.007901088288767566,1.0,0.0,0.0,0.0,0.0,-0.0021523447544447138,183851.51007190204,0.0,184246.74465239185,0.0
2025-11-10,2025-11-11,ml_selective_defensive_enhancement,GradientBoosting,10,0.007820164605684734,0.6663280683569235,0.6211412347912078,0.008077563805556576,0.008077563805556576,0.008077563805556576,1.0,0.0,0.0,0.0,0.0,-0.0021523447544447138,185336.58237525576,0.0,185735.00948828764,0.0
2025-11-11,2025-11-12,ml_selective_defensive_enhancement,GradientBoosting,10,0.007820164605684734,0.6663280683569235,0.6211412347912078,-0.0028454728274450725,-0.0028454728274450725,-0.0028454728274450725,1.0,0.0,0.0,0.0,-0.0,-0.0021523447544447138,184809.21216617545,-0.0028454728274449614,185206.50556568347,-0.0028454728274450725
2025-11-12,2025-11-13,ml_selective_defensive_enhancement,GradientBoosting,10,0.007186197906490784,0.6663280683569235,0.6211412347912078,0.009111209562294942,0.009111209562294942,0.009111209562294942,1.0,0.0,0.0,0.0,0.0,-0.0021523447544447138,186493.0476272641,0.0,186893.96085019276,0.0
2025-11-13,2025-11-14,ml_selective_defensive_enhancement,GradientBoosting,10,0.007820164605684734,0.6973712332259856,0.6742182773033604,0.00898016381592659,0.00898016381592659,0.00898016381592659,1.0,0.0,0.0,0.0,0.0,-0.0021523447544447138,188167.78574548833,0.0,188572.29923483485,0.0
2025-11-14,2025-11-17,ml_selective_defensive_enhancement,GradientBoosting,10,0.007820164605684734,0.6868942930273559,0.6742182773033604,0.008558879287863697,0.008558879287863697,0.008558879287863697,1.0,0.0,0.0,0.0,0.0,-0.0021523447544447138,189778.29110954856,0.0,190186.2667810207,0.0
2025-11-17,2025-11-18,ml_selective_defensive_enhancement,GradientBoosting,10,0.007820164605684734,0.682899544357097,0.6742182773033604,-0.007466502422981636,-0.007466502422981636,-0.007466502422981636,1.0,0.0,0.0,0.0,-0.0,-0.0021523447544447138,188361.3110391498,-0.007466502422981747,188766.2405592824,-0.007466502422981636
2025-11-18,2025-11-19,ml_selective_defensive_enhancement,GradientBoosting,10,0.007820164605684734,0.6763827711910821,0.6723489151371711,-0.020792719694175732,-0.020792719694175732,-0.020792719694175732,1.0,0.0,0.0,0.0,-0.0,-0.0021523447544447138,184444.7670974853,-0.028103973225180434,184841.27703160988,-0.028103973225180434
2025-11-19,2025-11-20,ml_selective_defensive_enhancement,GradientBoosting,10,0.008220772792495112,0.6456806241921851,0.6335561669117328,-0.00631482032281061,-0.00631482032281061,-0.00631482032281061,1.0,0.0,0.0,0.0,-0.0,-0.0021523447544447138,183280.03153378205,-0.03424132200671692,183674.0375789164,-0.03424132200671692
2025-11-20,2025-11-21,ml_selective_defensive_enhancement,GradientBoosting,10,0.006825253417740078,0.5991789000975571,0.5806907601595203,-0.04816526180892722,-0.04816526180892722,-0.04816526180892722,1.0,0.0,0.0,0.0,-0.0,-0.0021523447544447138,174452.300830609,-0.08075734157650682,174827.32947142515,-0.08075734157650682
2025-11-21,2025-11-24,ml_selective_defensive_enhancement,GradientBoosting,10,-0.01239420058786327,0.6202295982591599,0.6272672040748001,0.021996984896035743,0.021996984896035743,0.021996984896035743,1.0,0.0,0.0,0.0,0.0,-0.0021523447544447138,178289.72545705858,-0.0605367747033736,178673.00359722236,-0.0605367747033736
2025-11-24,2025-11-25,ml_selective_defensive_enhancement,GradientBoosting,10,-0.0071374361443612535,0.6376327873213594,0.623661653360566,0.017752275278553498,0.017752275278553498,0.017752275278553498,1.0,0.0,0.0,0.0,0.0,-0.0021523447544447138,181454.77374271,-0.04385916491383013,181844.85594192622,-0.04385916491383013
2025-11-25,2025-11-26,ml_selective_defensive_enhancement,GradientBoosting,10,0.006726298286412419,0.6215158786557539,0.5998815506050011,-0.009817460860053306,-0.009817460860053306,-0.009817460860053306,1.0,0.0,0.0,0.0,-0.0,-0.0021523447544447138,179673.34860362113,-0.05324604013898726,180059.60118611433,-0.05324604013898726
2025-11-26,2025-11-27,ml_selective_defensive_enhancement,GradientBoosting,10,0.009005946376302651,0.6215158786557539,0.6127903271431274,0.012026028265309074,0.012026028265309074,0.012026028265309074,1.0,0.0,0.0,0.0,0.0,-0.0021523447544447138,181834.105372451,-0.04186035025740542,182225.00303941884,-0.04186035025740542
2025-11-27,2025-11-28,ml_selective_defensive_enhancement,GradientBoosting,10,0.006726298286412419,0.6215158786557539,0.6127903271431274,0.01752298014982001,0.01752298014982001,0.01752298014982001,1.0,0.0,0.0,0.0,0.0,-0.0021523447544447138,185020.38079145274,-0.02507088819421044,185418.12815047946,-0.02507088819421044
2025-11-28,2025-12-01,ml_selective_defensive_enhancement,GradientBoosting,10,0.0162246405528254,0.6633930190576776,0.663892535902882,-0.00018326779895372347,-0.00018326779895372347,-0.00018326779895372347,1.0,0.0,0.0,0.0,-0.0,-0.0021523447544447138,184986.4725135035,-0.025249561306667,185384.1469782472,-0.02524956130666689
2025-12-01,2025-12-02,ml_selective_defensive_enhancement,GradientBoosting,10,0.021072313118727662,0.7326881782718722,0.6917880421405932,-0.0034156649667822503,-0.0034156649667822503,-0.0034156649667822503,1.0,0.0,0.0,0.0,-0.0,-0.0021523447544447138,184354.6207000105,-0.028578982231467487,184750.9368420168,-0.028578982231467487
2025-12-02,2025-12-03,ml_selective_defensive_enhancement,GradientBoosting,10,0.021072313118727662,0.7326881782718722,0.6911500037185132,-0.008846566796364419,-0.008846566796364419,-0.008846566796364419,1.0,0.0,0.0,0.0,-0.0,-0.0021523447544447138,182723.71523376944,-0.03717272315254905,183116.52533855298,-0.03717272315254905
2025-12-03,2025-12-04,ml_selective_defensive_enhancement,GradientBoosting,10,0.018057401709593194,0.6650915699627622,0.6626038841096953,-0.017496507336855704,-0.017496507336855704,-0.017496507336855704,1.0,0.0,0.0,0.0,-0.0,-0.0021523447544447138,179526.68840956426,-0.054018837666035324,179912.62570946745,-0.054018837666035435
2025-12-04,2025-12-05,ml_selective_defensive_enhancement,GradientBoosting,10,0.018057401709593194,0.6842088249775227,0.6626038841096953,0.017140110653679708,0.017140110653679708,0.017140110653679708,1.0,0.0,0.0,0.0,0.0,-0.0021523447544447138,182603.79571419288,-0.037804615867334634,182996.3480221218,-0.037804615867334634
2025-12-05,2025-12-08,ml_selective_defensive_enhancement,GradientBoosting,10,0.019627413502987023,0.6889511154259689,0.6893250304327042,0.010842669573343455,0.010842669573343455,0.010842669573343455,1.0,0.0,0.0,0.0,0.0,-0.0021523447544447138,184583.70833396018,-0.02737184925218783,184980.51695685423,-0.02737184925218783
2025-12-08,2025-12-09,ml_selective_defensive_enhancement,GradientBoosting,10,0.02213972410845648,0.7494007416346133,0.7389981557846226,-0.00841740533032631,-0.00841740533032631,-0.00841740533032631,1.0,0.0,0.0,0.0,-0.0,-0.0021523447544447138,183029.9924435385,-0.03555885463271791,183423.4609674151,-0.035558854632717796
2025-12-09,2025-12-10,ml_selective_defensive_enhancement,GradientBoosting,10,0.02074392227024518,0.6884388158439765,0.7087815717101245,-0.009415163368372226,-0.009415163368372226,-0.009415163368372226,1.0,0.0,0.0,0.0,-0.0,-0.0021523447544447138,181306.73516337064,-0.044639225575530905,181696.49911681464,-0.044639225575530794
2025-12-10,2025-12-11,ml_selective_defensive_enhancement,GradientBoosting,10,0.02074392227024518,0.6884388158439765,0.7087815717101245,-0.025895651063286174,-0.025895651063286174,-0.025895651063286174,1.0,0.0,0.0,0.0,-0.0,-0.0021523447544447138,176611.67921415635,-0.06937891482957792,176991.34997626493,-0.0693789148295777
2025-12-11,2025-12-12,ml_selective_defensive_enhancement,GradientBoosting,10,0.02124652307391019,0.6889511154259689,0.7102203639895198,-0.01283390072848234,-0.01283390072848234,-0.01283390072848234,1.0,0.0,0.0,0.0,-0.0,-0.0021523447544447138,174345.0624556313,-0.08132241345248759,174719.86056086948,-0.08132241345248736
2025-12-12,2025-12-15,ml_selective_defensive_enhancement,GradientBoosting,10,0.02074392227024518,0.6884388158439765,0.7183124433299043,0.006209431948452471,0.006209431948452471,0.006209431948452471,1.0,0.0,0.0,0.0,0.0,-0.0021523447544447138,175427.64625649824,-0.07561794749625228,175804.7716450653,-0.07561794749625195
2025-12-15,2025-12-16,ml_selective_defensive_enhancement,GradientBoosting,10,0.02074392227024518,0.6842088249775227,0.7108473700261081,-0.01850862415769894,-0.01850862415769894,-0.01850862415769894,1.0,0.0,0.0,0.0,-0.0,-0.0021523447544447138,172180.72188506695,-0.09272698748416652,172550.8672015567,-0.09272698748416619
2025-12-16,2025-12-17,ml_selective_defensive_enhancement,GradientBoosting,10,0.018057401709593194,0.6842088249775227,0.6883432895781298,0.0006516441606601031,0.0006516441606601031,0.0006516441606601031,1.0,0.0,0.0,0.0,0.0,-0.0021523447544447138,172292.9224470616,-0.09213576832343595,172663.30896658543,-0.09213576832343573
2025-12-17,2025-12-18,ml_selective_defensive_enhancement,GradientBoosting,10,0.01912481269932201,0.6842088249775227,0.6883432895781298,0.017710938412527577,0.017710938412527577,0.017710938412527577,1.0,0.0,0.0,0.0,0.0,-0.0021523447544447138,175344.3917854359,-0.07605664082927566,175721.33819779585,-0.07605664082927543
2025-12-18,2025-12-19,ml_selective_defensive_enhancement,GradientBoosting,10,0.02124652307391019,0.6889511154259689,0.7139698531906601,0.025218143227733636,0.025218143227733636,0.025218143227733636,1.0,0.0,0.0,0.0,0.0,-0.0021523447544447138,179766.25177166087,-0.052756504863395004,180152.70407263687,-0.05275650486339489
2025-12-19,2025-12-22,ml_selective_defensive_enhancement,GradientBoosting,10,0.024261434483044655,0.744297171689603,0.7314517426862268,-0.0012927663359351138,-0.0012927663359351138,-0.0012927663359351138,1.0,0.0,0.0,0.0,-0.0,-0.0021523447544447138,179533.85601303322,-0.05398106936584124,179919.8087214841,-0.05398106936584102
2025-12-22,2025-12-23,ml_selective_defensive_enhancement,GradientBoosting,10,0.021072313118727662,0.7235921535741278,0.7105242339475158,-0.0062203741437580895,-0.0062203741437580895,-0.0062203741437580895,1.0,0.0,0.0,0.0,-0.0,-0.0021523447544447138,178417.08825716056,-0.059865661061463626,178800.64019536308,-0.05986566106146329
2025-12-23,2025-12-24,ml_selective_defensive_enhancement,GradientBoosting,10,0.018057401709593194,0.6780473664486477,0.6664991072600127,0.009916624948238306,0.009916624948238306,0.009916624948238306,1.0,0.0,0.0,0.0,0.0,-0.0021523447544447138,180186.38360576355,-0.05054270142125017,180573.7390846854,-0.05054270142124995
2025-12-24,2025-12-25,ml_selective_defensive_enhancement,GradientBoosting,10,0.021072313118727662,0.7277057920640789,0.7067481289918277,0.011190090787528861,0.011190090787528861,0.011190090787528861,1.0,0.0,0.0,0.0,0.0,-0.0021523447544447138,182202.68559698854,-0.03991818805127212,182594.37561888658,-0.039918188051271786
2025-12-25,2025-12-26,ml_selective_defensive_enhancement,GradientBoosting,10,0.021072313118727662,0.7277057920640789,0.7067481289918277,-0.006457586908104829,-0.006457586908104829,-0.006457586908104829,1.0,0.0,0.0,0.0,-0.0,-0.0021523447544447138,181026.09591985587,-0.04611799979082187,181415.25656939647,-0.04611799979082154
2025-12-26,2025-12-29,ml_selective_defensive_enhancement,GradientBoosting,10,0.02213972410845648,0.7315817168275811,0.7106495141179253,0.003566533670392502,0.003566533670392502,0.003566533670392502,1.0,0.0,0.0,0.0,0.0,-0.0021523447544447138,181671.73158617373,-0.04271594751949448,182062.28019027412,-0.042715947519494146
2025-12-29,2025-12-30,ml_selective_defensive_enhancement,GradientBoosting,10,0.01309963055952196,0.6278940114909456,0.6175645669879732,-0.008782977896880428,-0.008782977896880428,-0.008782977896880428,1.0,0.0,0.0,0.0,-0.0,-0.0021523447544447138,180076.11278316437,-0.05112375219346699,180463.23120750728,-0.05112375219346654
2025-12-30,2025-12-31,ml_selective_defensive_enhancement,GradientBoosting,10,0.01309963055952196,0.6223489339979037,0.6204277912409292,0.005309132994699928,0.005309132994699928,0.005309132994699928,1.0,0.0,0.0,0.0,0.0,-0.0021523447544447138,181032.16081509876,-0.04608604199835031,181421.33450264123,-0.04608604199834976
2025-12-31,2026-01-05,ml_selective_defensive_enhancement,GradientBoosting,10,0.01309963055952196,0.6322162692737203,0.6251394811756923,0.013288014594583064,0.013288014594583064,0.013288014594583064,1.0,0.0,0.0,0.0,0.0,-0.0021523447544447138,183437.7188100987,-0.03341041940244782,183832.06384328107,-0.03341041940244738
2026-01-05,2026-01-06,ml_selective_defensive_enhancement,GradientBoosting,10,0.014569701781889346,0.6511178962012407,0.6379058370743503,0.0032100605944020977,0.0032100605944020977,0.0032100605944020977,1.0,0.0,0.0,0.0,0.0,-0.0021523447544447138,184026.56500277802,-0.03030760827881196,184422.175907412,-0.030307608278811515
2026-01-06,2026-01-07,ml_selective_defensive_enhancement,GradientBoosting,10,0.014569701781889346,0.6511178962012407,0.6379058370743503,-0.004209460350179106,-0.004209460350179106,-0.004209460350179106,1.0,0.0,0.0,0.0,-0.0,-0.0021523447544447138,183251.91247401916,-0.03438948995363267,183645.858070236,-0.03438948995363211
2026-01-07,2026-01-08,ml_selective_defensive_enhancement,GradientBoosting,10,0.016661472351049988,0.68022364044949,0.6580795290391394,0.019493511690390486,0.019493511690390486,0.019493511690390486,1.0,0.0,0.0,0.0,0.0,-0.0021523447544447138,186824.13577211788,-0.015566350187679823,187225.76075141993,-0.015566350187679379
2026-01-08,2026-01-09,ml_selective_defensive_enhancement,GradientBoosting,10,0.016661472351049988,0.68022364044949,0.6583756975340785,0.01201430738447562,0.01201430738447562,0.01201430738447562,1.0,0.0,0.0,0.0,0.0,-0.0021523447544447138,189068.6983661231,-0.0037390617192134545,189475.14859137978,-0.0037390617192128994
2026-01-09,2026-01-12,ml_selective_defensive_enhancement,GradientBoosting,10,0.016661472351049988,0.6902398073914735,0.6635669749163653,0.015063411846015118,0.015063411846015118,0.015063411846015118,1.0,0.0,0.0,0.0,0.0,-0.0021523447544447138,191916.71803680202,0.0,192329.29078919665,0.0
2026-01-12,2026-01-13,ml_selective_defensive_enhancement,GradientBoosting,10,0.016661472351049988,0.6943094506379928,0.6814799647529985,-0.00021690260211293388,-0.00021690260211293388,-0.00021690260211293388,1.0,0.0,0.0,0.0,-0.0,-0.0021523447544447138,191875.09080127085,-0.00021690260211293388,192287.57406556193,-0.00021690260211293388
2026-01-13,2026-01-14,ml_selective_defensive_enhancement,GradientBoosting,10,0.014569701781889346,0.687270344465251,0.6956325493211305,0.0036737766769059377,0.0036737766769059377,0.0036737766769059377,1.0,0.0,0.0,0.0,0.0,-0.0021523447544447138,192579.99703473577,0.0,192993.99567042282,0.0
2026-01-14,2026-01-15,ml_selective_defensive_enhancement,GradientBoosting,10,0.014569701781889346,0.6910901487576666,0.7046628829941267,-1.574643092827621e-05,-1.574643092827621e-05,-1.574643092827621e-05,1.0,0.0,0.0,0.0,-0.0,-0.0021523447544447138,192576.9645871143,-1.5746430928387234e-05,192990.95670380042,-1.5746430928387234e-05
2026-01-15,2026-01-16,ml_selective_defensive_enhancement,GradientBoosting,10,0.015191401128682603,0.7185518717984196,0.7195105086181445,-0.0014472629409071347,-0.0014472629409071347,-0.0014472629409071347,1.0,0.0,0.0,0.0,-0.0,-0.0021523447544447138,192298.25508299496,-0.0014629865826095712,192711.6480442328,-0.0014629865826094601
2026-01-16,2026-01-19,ml_selective_defensive_enhancement,GradientBoosting,10,0.015191401128682603,0.7185518717984196,0.7195105086181445,0.01827255146233453,0.01827255146233453,0.01827255146233453,1.0,0.0,0.0,0.0,0.0,-0.0021523447544447138,195812.0348451161,0.0,196232.98155051234,0.0
2026-01-19,2026-01-20,ml_selective_defensive_enhancement,GradientBoosting,10,0.01309963055952196,0.6950860693175375,0.6874171246130193,0.0012332903934280104,0.0012332903934280104,0.0012332903934280104,1.0,0.0,0.0,0.0,0.0,-0.0021523447544447138,196053.52794660817,0.0,196474.9938015323,0.0
2026-01-20,2026-01-21,ml_selective_defensive_enhancement,GradientBoosting,10,0.009256021772602116,0.6908472339295784,0.6541421245498297,0.010942515934986075,0.010942515934986075,0.010942515934986075,1.0,0.0,0.0,0.0,0.0,-0.0021523447544447138,198198.84680027416,0.0,198624.92455203188,0.0
2026-01-21,2026-01-22,ml_selective_defensive_enhancement,GradientBoosting,10,0.01309963055952196,0.6913517918783616,0.6701319646533745,0.01215239382824751,0.01215239382824751,0.01215239382824751,1.0,0.0,0.0,0.0,0.0,-0.0021523447544447138,200607.43724289557,0.0,201038.69285929413,0.0
2026-01-22,2026-01-23,ml_selective_defensive_enhancement,GradientBoosting,10,0.01309963055952196,0.7135345812333815,0.6631111911339843,0.007409748656708182,0.007409748656708182,0.007409748656708182,1.0,0.0,0.0,0.0,0.0,-0.0021523447544447138,202093.8879315318,0.0,202528.33904365465,0.0
2026-01-23,2026-01-26,ml_selective_defensive_enhancement,GradientBoosting,10,0.01309963055952196,0.7135345812333815,0.6631111911339843,-0.0065517909319829926,-0.0065517909319829926,-0.0065517909319829926,1.0,0.0,0.0,0.0,-0.0,-0.0021523447544447138,200769.8110291728,-0.0065517909319829926,201201.41570843884,-0.0065517909319829926
2026-01-26,2026-01-27,ml_selective_defensive_enhancement,GradientBoosting,10,0.01309963055952196,0.6982244858872404,0.7001671875042459,-0.002493549862072064,-0.002493549862072064,-0.002493549862072064,1.0,0.0,0.0,0.0,-0.0,-0.0021523447544447138,200269.18149457275,-0.00902900357668035,200699.70994605037,-0.00902900357668035
2026-01-27,2026-01-28,ml_selective_defensive_enhancement,GradientBoosting,10,0.01309963055952196,0.7061176085942749,0.6839219310861201,-0.011204975339418555,-0.011204975339418555,-0.011204975339418555,1.0,0.0,0.0,0.0,-0.0,-0.0021523447544447138,198025.17025468053,-0.02013280915368265,198450.8746454764,-0.02013280915368265
2026-01-28,2026-01-29,ml_selective_defensive_enhancement,GradientBoosting,10,0.019972733599811995,0.7386467296209256,0.7432991898762873,-0.004446467675405019,-0.004446467675405019,-0.004446467675405019,1.0,0.0,0.0,0.0,-0.0,-0.0021523447544447138,197144.6577362265,-0.02448975694397082,197568.46924620945,-0.02448975694397071
2026-01-29,2026-01-30,ml_selective_defensive_enhancement,GradientBoosting,10,0.021027333486701775,0.7431414947676593,0.7637681937955825,0.013576571499687384,0.013576571499687384,0.013576571499687384,1.0,0.0,0.0,0.0,0.0,-0.0021523447544447138,199821.2062777638,-0.011245672380443161,200250.7716950144,-0.01124567238044305
2026-01-30,2026-02-02,ml_selective_defensive_enhancement,GradientBoosting,10,0.022403023526172464,0.751931813001062,0.767272452164278,-0.012951859587935544,-0.012951859587935544,-0.012951859587935544,1.0,0.0,0.0,0.0,-0.0,-0.0021523447544447138,197233.1500713623,-0.024051879598735226,197657.15181764486,-0.024051879598735115
2026-02-02,2026-02-03,ml_selective_defensive_enhancement,GradientBoosting,10,0.022403023526172464,0.7480496294537887,0.767272452164278,0.016955762107764505,0.016955762107764505,0.016955762107764505,1.0,0.0,0.0,0.0,0.0,-0.0021523447544447138,200577.38844373732,-0.0075039354396915225,201008.57946276313,-0.0075039354396914115
2026-02-03,2026-02-04,ml_selective_defensive_enhancement,GradientBoosting,10,0.019972733599811995,0.7383407452726989,0.7069726434213744,0.010225665595995359,0.010225665595995359,0.010225665595995359,1.0,0.0,0.0,0.0,0.0,-0.0021523447544447138,202628.42574408103,0.0,203064.0259782754,0.0
2026-02-04,2026-02-05,ml_selective_defensive_enhancement,GradientBoosting,10,0.021027333486701775,0.7260908038928029,0.7143897383424306,0.001466624763101887,0.001466624763101887,0.001466624763101887,1.0,0.0,0.0,0.0,0.0,-0.0021523447544447138,202925.60561098566,0.0,203361.8447072703,0.0
2026-02-05,2026-02-06,ml_selective_defensive_enhancement,GradientBoosting,10,0.01839463115876042,0.7222716948796715,0.6913223889027748,0.008593952715599373,0.008593952715599373,0.008593952715599373,1.0,0.0,0.0,0.0,0.0,-0.0021523447544447138,204669.53867039084,0.0,205109.52678484164,0.0
2026-02-06,2026-02-09,ml_selective_defensive_enhancement,GradientBoosting,10,0.019972733599811995,0.7222716948796715,0.6913223889027748,0.016424554668821756,0.016424554668821756,0.016424554668821756,1.0,0.0,0.0,0.0,0.0,-0.0021523447544447138,208031.14469732522,0.0,208478.35942061542,0.0
2026-02-09,2026-02-10,ml_selective_defensive_enhancement,GradientBoosting,10,0.019972733599811995,0.7257300148032046,0.7033518644379612,0.0017240488246386132,0.0017240488246386132,0.0017240488246386132,1.0,0.0,0.0,0.0,0.0,-0.0021523447544447138,208389.80054782887,0.0,208837.78629113713,0.0
2026-02-10,2026-02-11,ml_selective_defensive_enhancement,GradientBoosting,10,0.01839463115876042,0.7162388077248736,0.7258151611802847,-0.001206476875859841,-0.001206476875859841,-0.001206476875859841,1.0,0.0,0.0,0.0,-0.0,-0.0021523447544447138,208138.38307230288,-0.00120647687585973,208585.82833117113,-0.001206476875859841
2026-02-11,2026-02-12,ml_selective_defensive_enhancement,GradientBoosting,10,0.01839463115876042,0.7204279601591304,0.7258151611802847,-0.011040942612528526,-0.011040942612528526,-0.011040942612528526,1.0,0.0,0.0,0.0,-0.0,-0.0021523447544447138,205840.3391293371,-0.012234098846438557,206282.84417077995,-0.012234098846438557
2026-02-12,2026-02-13,ml_selective_defensive_enhancement,GradientBoosting,10,0.01839463115876042,0.7061337565007385,0.698285146547784,0.002126770523067645,0.002126770523067645,0.002126770523067645,1.0,0.0,0.0,0.0,0.0,-0.0021523447544447138,206278.11429505562,-0.010133347444173824,206721.56044317692,-0.010133347444173824
2026-02-13,2026-02-24,ml_selective_defensive_enhancement,GradientBoosting,10,0.01839463115876042,0.6930029393986638,0.6619421470624584,0.023164408093443445,0.023164408093443445,0.023164408093443445,1.0,0.0,0.0,0.0,0.0,-0.0021523447544447138,211056.42471533225,0.0,211510.1430309961,0.0
2026-02-24,2026-02-25,ml_selective_defensive_enhancement,GradientBoosting,10,0.019972733599811995,0.7083961423204174,0.6755874546340653,0.004323446008518861,0.004323446008518861,0.004323446008518861,1.0,0.0,0.0,0.0,0.0,-0.0021523447544447138,211968.91577234003,0.0,212424.59571464473,0.0
2026-02-25,2026-02-26,ml_selective_defensive_enhancement,GradientBoosting,10,0.020495861876599422,0.7120783737769055,0.698567964507447,-0.0030419961945784557,-0.0030419961945784557,-0.0030419961945784557,1.0,0.0,0.0,0.0,-0.0,-0.0021523447544447138,211324.10713719166,-0.0030419961945783447,211778.40090284593,-0.0030419961945784557
2026-02-26,2026-02-27,ml_selective_defensive_enhancement,GradientBoosting,10,0.018917759435547847,0.720021694669487,0.7168398161497079,0.007138347222149566,0.007138347222149566,0.007138347222149566,1.0,0.0,0.0,0.0,0.0,-0.0021523447544447138,212832.61199034768,0.0,213290.14866264202,0.0
2026-02-27,2026-03-02,ml_selective_defensive_enhancement,GradientBoosting,10,0.018917759435547847,0.7108246165845409,0.693951251255093,-0.03146485397054022,-0.03146485397054022,-0.03146485397054022,1.0,0.0,0.0,0.0,-0.0,-0.0021523447544447138,206135.86493390275,-0.03146485397054022,206579.00528161717,-0.03146485397054022
2026-03-02,2026-03-03,ml_selective_defensive_enhancement,GradientBoosting,10,0.026331106867879008,0.6979582783329203,0.7055570028440181,-0.02650773526768524,-0.02650773526768524,-0.02650773526768524,1.0,0.0,0.0,0.0,-0.0,-0.0021523447544447138,200671.66999705954,-0.05713852721893797,201103.0636977503,-0.057138527218938084
2026-03-03,2026-03-04,ml_selective_defensive_enhancement,GradientBoosting,10,0.025681495615110045,0.6541630710998936,0.6868784709667162,-0.006818028829972289,-0.006818028829972289,-0.006818028829972289,1.0,0.0,0.0,0.0,-0.0,-0.0021523447544447138,199303.4847656609,-0.0635669839230294,199731.9372116633,-0.06356698392302951
2026-03-04,2026-03-05,ml_selective_defensive_enhancement,GradientBoosting,10,0.02441580768955008,0.6457424378875147,0.6712903693892156,0.013076795396702368,0.013076795396702368,0.013076795396702368,1.0,0.0,0.0,0.0,0.0,-0.0021523447544447138,201909.73565779123,-0.051321440969073984,202343.79088876722,-0.051321440969073984
2026-03-05,2026-03-06,ml_selective_defensive_enhancement,GradientBoosting,10,0.022739103761620843,0.6548544955163544,0.6339610430675385,0.03467710884827424,0.03467710884827424,0.03467710884827424,1.0,0.0,0.0,0.0,0.0,-0.0021523447544447138,208911.38153872272,-0.018424011315534616,209360.48855018945,-0.018424011315534616
2026-03-06,2026-03-09,ml_selective_defensive_enhancement,GradientBoosting,10,0.019462545917531066,0.7253286636814877,0.7305403583068016,-0.008871593482288387,-0.008871593482288387,-0.008871593482288387,1.0,0.0,0.0,0.0,-0.0,-0.0021523447544447138,207058.00468788794,-0.02713215445911843,207503.12740451886,-0.02713215445911854
2026-03-09,2026-03-10,ml_selective_defensive_enhancement,GradientBoosting,10,0.01655513203414042,0.6725949803538441,0.6614663298407374,0.025251335061490687,0.025251335061490687,0.025251335061490687,1.0,0.0,0.0,0.0,0.0,-0.0021523447544447138,212286.49574142552,-0.00256594252081499,212742.85840091755,-0.002565942520815212
2026-03-10,2026-03-11,ml_selective_defensive_enhancement,GradientBoosting,10,0.019012590239653814,0.7042960311211881,0.7173604166292843,-0.007957873138931593,-0.007957873138931593,-0.007957873138931593,1.0,0.0,0.0,0.0,-0.0,-0.0021523447544447138,210597.14673920692,-0.010503396214684213,211049.87772254937,-0.010503396214684324
2026-03-11,2026-03-12,ml_selective_defensive_enhancement,GradientBoosting,10,0.01856037917305913,0.7042960311211881,0.6993365117099002,-0.013342897947055232,-0.013342897947055232,-0.013342897947055232,1.0,0.0,0.0,0.0,-0.0,-0.0021523447544447138,207787.17050232468,-0.02370614841794938,208233.8607423589,-0.023706148417949602
2026-03-12,2026-03-13,ml_selective_defensive_enhancement,GradientBoosting,10,0.016105176356263167,0.6452348258592489,0.6480428139520086,0.0005771266786425144,0.0005771266786425144,0.0005771266786425144,1.0,0.0,0.0,0.0,0.0,-0.0021523447544447138,207907.0900219012,-0.023142703190006664,208354.03805879006,-0.023142703190006886
2026-03-13,2026-03-16,ml_selective_defensive_enhancement,GradientBoosting,10,0.01655513203414042,0.674989759366285,0.6678713477934319,0.002305849219472078,0.002305849219472078,0.002305849219472078,1.0,0.0,0.0,0.0,0.0,-0.0021523447544447138,208386.49242315092,-0.020890217554621726,208834.47105482177,-0.020890217554621948
2026-03-16,2026-03-17,ml_selective_defensive_enhancement,GradientBoosting,10,0.01655513203414042,0.6632154710269355,0.6678713477934319,-0.02228181207236868,-0.02228181207236868,-0.02228181207236868,1.0,0.0,0.0,0.0,-0.0,-0.0021523447544447138,203743.26376055818,-0.04270655772528753,204181.2606165457,-0.04270655772528764
2026-03-17,2026-03-18,ml_selective_defensive_enhancement,GradientBoosting,10,0.017007343100735102,0.667494199651829,0.6605801862582272,0.016829372247366692,0.016829372247366692,0.016829372247366692,1.0,0.0,0.0,0.0,0.0,-0.0021523447544447138,207172.13498927804,-0.026595910035283277,207617.50305739816,-0.0265959100352835
2026-03-18,2026-03-19,ml_selective_defensive_enhancement,GradientBoosting,10,0.016105176356263167,0.6356229823079332,0.6347665312836543,-0.029632616237060927,-0.029632616237060927,-0.029632616237060927,1.0,0.0,0.0,0.0,-0.0,-0.0021523447544447138,201033.0826181282,-0.05544041987679327,201465.25326520146,-0.05544041987679338
2026-03-19,2026-03-20,ml_selective_defensive_enhancement,GradientBoosting,10,0.01795910739461307,0.6821595076204386,0.6835616717964441,-0.036757748541620394,-0.036757748541620394,-0.036757748541620394,1.0,0.0,0.0,0.0,-0.0,-0.0021523447544447138,193643.55911870423,-0.0901603034055406,194059.8441458053,-0.09016030340554082
2026-03-20,2026-03-23,ml_selective_defensive_enhancement,GradientBoosting,10,0.016127206931928872,0.724843195118267,0.7032259408204337,-0.06398796177264898,-0.06398796177264898,-0.06398796177264898,1.0,0.0,0.0,0.0,-0.0,-0.0021523447544447138,181252.7024602969,-0.14837909113046543,181642.3502569973,-0.14837909113046566
2026-03-23,2026-03-24,ml_selective_defensive_enhancement,GradientBoosting,10,0.014252570065507774,0.738065077824106,0.6866279244684635,0.05613993995272892,0.05613993995272892,0.05613993995272892,1.0,0.0,0.0,0.0,0.0,-0.0021523447544447138,191428.2182926878,-0.10056914444404141,191839.74089329768,-0.10056914444404152
2026-03-24,2026-03-25,ml_selective_defensive_enhancement,GradientBoosting,10,0.004247153795585261,0.7702736221035957,0.7216006859320473,0.024393967105083014,0.024393967105083014,0.024393967105083014,1.0,0.0,0.0,0.0,0.0,-0.0021523447544447138,196097.91195270425,-0.07862845774031268,196519.47322209642,-0.07862845774031291
2026-03-25,2026-03-26,ml_selective_defensive_enhancement,GradientBoosting,10,0.008634879263460104,0.7957955597018174,0.7384842078925455,-0.015770413815208606,-0.015770413815208606,-0.015770413815208606,1.0,0.0,0.0,0.0,-0.0,-0.0021523447544447138,193005.36673291176,-0.09315886823930497,193420.27980663715,-0.09315886823930519
2026-03-26,2026-03-27,ml_selective_defensive_enhancement,GradientBoosting,10,0.009929766745055638,0.7825727053084643,0.721110977182779,0.02053237044252798,0.02053237044252798,0.02053237044252798,1.0,0.0,0.0,0.0,0.0,-0.0021523447544447138,196968.22442006788,-0.07453927018947304,197391.65664272444,-0.07453927018947326
2026-03-27,2026-03-30,ml_selective_defensive_enhancement,GradientBoosting,10,0.01486562215892628,0.7825727053084643,0.7284564649002625,0.01205336961100878,0.01205336961100878,0.01205336961100878,1.0,0.0,0.0,0.0,0.0,-0.0021523447544447138,199342.3552306271,-0.06338434995259279,199770.89123836852,-0.06338434995259301
2026-03-30,2026-03-31,ml_selective_defensive_enhancement,GradientBoosting,10,0.025133266018777495,0.791914044408693,0.7653497094445771,-0.014497283228760538,-0.014497283228760538,-0.014497283228760538,1.0,0.0,0.0,0.0,-0.0,-0.0021523447544447138,196452.4326473605,-0.07696273230781969,196874.756047224,-0.07696273230781991
2026-03-31,2026-04-01,ml_selective_defensive_enhancement,GradientBoosting,10,0.025133266018777495,0.791914044408693,0.7792359852449283,0.01089644101047127,0.01089644101047127,0.01089644101047127,1.0,0.0,0.0,0.0,0.0,-0.0021523447544447138,198593.06499106603,-0.06690491116994535,199019.9902129435,-0.06690491116994546
2026-04-01,2026-04-02,ml_selective_defensive_enhancement,GradientBoosting,10,0.024681054952182813,0.7817217005722126,0.7669871929504288,-0.020915263130862338,-0.020915263130862338,-0.020915263130862338,1.0,0.0,0.0,0.0,-0.0,-0.0021523447544447138,194439.43878081345,-0.08642084047894127,194857.43474933814,-0.08642084047894139
2026-04-02,2026-04-03,ml_selective_defensive_enhancement,GradientBoosting,10,0.01953464858548605,0.7552196455645908,0.7532203698205404,-0.03681328652688998,-0.03681328652688998,-0.03681328652688998,1.0,0.0,0.0,0.0,-0.0,-0.0021523447544447138,187281.48400884768,-0.1200526918433853,187684.09217201598,-0.12005269184338552
2026-04-03,2026-04-07,ml_selective_defensive_enhancement,GradientBoosting,10,0.008669325524634286,0.6986864370569229,0.714793073268542,0.033180196982119714,0.033180196982119714,0.033180196982119714,1.0,0.0,0.0,0.0,0.0,-0.0021523447544447138,193495.52053936495,-0.0908558668248628,193911.4873206938,-0.09085586682486302
2026-04-07,2026-04-08,ml_selective_defensive_enhancement,GradientBoosting,10,0.017340945747700617,0.7553373897856435,0.7575114561620093,0.03641728357069174,0.03641728357069174,0.03641728357069174,1.0,0.0,0.0,0.0,0.0,-0.0021523447544447138,200542.10178050562,-0.05774730712039311,200973.2169420661,-0.05774730712039333
2026-04-08,2026-04-09,ml_selective_defensive_enhancement,GradientBoosting,10,0.017340945747700617,0.7736669336465398,0.7575114561620093,-0.02095118172582966,-0.02095118172582966,-0.02095118172582966,1.0,0.0,0.0,0.0,-0.0,-0.0021523447544447138,196340.5077624224,-0.0774886145205661,196762.59055188828,-0.07748861452056632
2026-04-09,2026-04-10,ml_selective_defensive_enhancement,GradientBoosting,10,0.017340945747700617,0.7637967324169204,0.7409035728580049,0.009914182855666587,0.009914182855666587,0.009914182855666587,1.0,0.0,0.0,0.0,0.0,-0.0021523447544447138,198287.06345835348,-0.06834266795848876,198713.33085377436,-0.06834266795848887
2026-04-10,2026-04-13,ml_selective_defensive_enhancement,GradientBoosting,10,0.017340945747700617,0.7459594759153277,0.7312096011417488,-0.0015946657249750196,-0.0015946657249750196,-0.0015946657249750196,1.0,0.0,0.0,0.0,-0.0,-0.0021523447544447138,197970.8618745505,-0.069828349973317,198396.44951596623,-0.0698283499733171
2026-04-13,2026-04-14,ml_selective_defensive_enhancement,GradientBoosting,10,0.020722237681015516,0.7284699163059494,0.7312096011417488,-0.00030078287097246026,-0.00030078287097246026,-0.00030078287097246026,1.0,0.0,0.0,0.0,-0.0,-0.0021523447544447138,197911.31563034697,-0.07010812967270919,198336.7752622901,-0.07010812967270919
2026-04-14,2026-04-15,ml_selective_defensive_enhancement,GradientBoosting,10,0.020722237681015516,0.7318634759845616,0.7390725293293332,-0.008466242286637726,-0.008466242286637726,-0.008466242286637726,1.0,0.0,0.0,0.0,-0.0,-0.0021523447544447138,196235.75048095323,-0.07798081954727476,196657.60806856913,-0.07798081954727476
2026-04-15,2026-04-16,ml_selective_defensive_enhancement,GradientBoosting,10,0.020722237681015516,0.728028212397697,0.7390725293293332,0.023154339788040046,0.023154339788040046,0.023154339788040046,1.0,0.0,0.0,0.0,0.0,-0.0021523447544447138,200779.45972615026,-0.056632074151982126,201211.08514769198,-0.056632074151982126
2026-04-16,2026-04-17,ml_selective_defensive_enhancement,GradientBoosting,10,0.020722237681015516,0.7370813730535443,0.7425203155468384,-0.00829038024807982,-0.00829038024807982,-0.00829038024807982,1.0,0.0,0.0,0.0,-0.0,-0.0021523447544447138,199114.92165901646,-0.06445295297110454,199542.96874168885,-0.06445295297110465
2026-04-17,2026-04-20,ml_selective_defensive_enhancement,GradientBoosting,10,0.020722237681015516,0.728028212397697,0.7425203155468384,0.009994794233783244,0.009994794233783244,0.009994794233783244,1.0,0.0,0.0,0.0,0.0,-0.0021523447544447138,201105.0343298742,-0.05510235274002717,201537.35965506028,-0.05510235274002717
2026-04-20,2026-04-21,ml_selective_defensive_enhancement,GradientBoosting,10,0.019170853008318715,0.6678486449552085,0.6681068291059601,-0.0022632094805310476,-0.0022632094805310476,-0.0022632094805310476,1.0,0.0,0.0,0.0,-0.0,-0.0021523447544447138,200649.89150959632,-0.05724085405343737,201081.23839200774,-0.057240854053437484
2026-04-21,2026-04-22,ml_selective_defensive_enhancement,GradientBoosting,10,0.017904986570313523,0.6484573708996141,0.6340924523136673,-0.002826155055204116,-0.002826155055204116,-0.002826155055204116,1.0,0.0,0.0,0.0,-0.0,-0.0021523447544447138,200082.8238043803,-0.059905237579594206,200512.95163361946,-0.05990523757959432
2026-04-22,2026-04-23,ml_selective_defensive_enhancement,GradientBoosting,10,0.013709516940678334,0.6540620164646636,0.642363713697078,-0.010188939730251367,-0.010188939730251367,-0.010188939730251367,1.0,0.0,0.0,0.0,-0.0,-0.0021523447544447138,198044.19197157898,-0.06948380645462071,198469.93725428972,-0.06948380645462071
2026-04-23,2026-04-24,ml_selective_defensive_enhancement,GradientBoosting,10,0.013709516940678334,0.6614378308207445,0.6859786402237346,0.010978685731466875,0.010978685731466875,0.010978685731466875,1.0,0.0,0.0,0.0,0.0,-0.0021523447544447138,200218.45691617724,-0.059267961597645136,200648.87632254852,-0.05926796159764525
2026-04-24,2026-04-27,ml_selective_defensive_enhancement,GradientBoosting,10,0.013709516940678334,0.6727485135508772,0.6800185448192722,0.02004326161158443,0.02004326161158443,0.02004326161158443,1.0,0.0,0.0,0.0,0.0,-0.0021523447544447138,204231.48782761593,-0.04041262324554762,204670.5342427518,-0.04041262324554773
2026-04-27,2026-04-28,ml_selective_defensive_enhancement,GradientBoosting,10,0.014376954528157635,0.6727485135508772,0.67232941913529,-0.0008787369944224244,-0.0008787369944224244,-0.0008787369944224244,1.0,0.0,0.0,0.0,-0.0,-0.0021523447544447138,204052.02206383587,-0.041255848172882525,204490.6826726445,-0.041255848172882637
2026-04-28,2026-04-29,ml_selective_defensive_enhancement,GradientBoosting,10,0.014376954528157635,0.6727485135508772,0.67232941913529,0.016429676364692503,0.016429676364692503,0.016429676364692503,1.0,0.0,0.0,0.0,0.0,-0.0021523447544447138,207404.53074790578,-0.02550399204182141,207850.3984085511,-0.02550399204182141
2026-04-29,2026-04-30,ml_selective_defensive_enhancement,GradientBoosting,10,0.013709516940678334,0.668506674975043,0.66004242802359,0.011550536588218696,0.011550536588218696,0.011550536588218696,1.0,0.0,0.0,0.0,0.0,-0.0021523447544447138,209800.1643688718,-0.014248040246827465,210251.1820402449,-0.014248040246827465
2026-04-30,2026-05-06,ml_selective_defensive_enhancement,GradientBoosting,10,0.013709516940678334,0.6741469461969473,0.67232941913529,0.0019092395103517124,0.0019092395103517124,0.0019092395103517124,1.0,0.0,0.0,0.0,0.0,-0.0021523447544447138,210200.72313196314,-0.012366003657860003,210652.60190409428,-0.012366003657860003
