experiment_id,family,feature_top_k,search_engine,model_name,horizon,big_up_prob_threshold,big_down_prob_threshold,tail_score_threshold,mild_cut_exposure,defensive_cut_exposure,severe_defensive_exposure,no_trade_band,high_volatility_multiplier,drawdown_threshold,decision_target_label,opportunity_cost_buffer,min_strong_up_position,max_position_change,trial_number,seed,robust_score,avg_excess_return_vs_buy_hold,avg_sharpe,avg_calmar,avg_turnover,avg_max_drawdown,avg_position,avg_missed_upside,avg_avoided_downside,positive_fold_ratio,excess_stability,excess_std,fold_count,status,failure_reason,test_total_return,test_excess_return_vs_buy_hold,test_max_drawdown,test_sharpe,artifact_dir,error
auto_20260614_190800_exp_004,ml_bull_full_participation_enhancement,50,optuna,ExtraTrees,10,0.572,0.732,0.0182,0.999,0.995,0.966,0.0598,1.175,0.097,avoid_loss_label,0.0021,0.985,0.30000000000000004,3,42,1.7048742668068624,9.883543276349253e-05,1.2311210961069592,4.246762203084834,0.04533333333333337,-0.23139103739528047,0.9988438062678063,0.0005645124801649947,0.0009303600575551497,0.3333333333333333,0.9991455902747433,0.0008551403655014071,3,ok,,1.1127012123031261,0.003960528923004691,-0.17260282010543804,2.332921486490729,C:\Users\qqrtq\Documents\GitHub\Data-Mining\outputs\experiments\auto_20260614_190800_exp_004,
auto_20260614_190800_exp_034,ml_conservative_full_participation_enhancement,80,optuna,RandomForest,20,0.546,0.659,0.0355,0.977,0.952,0.948,0.0299,1.143,0.111,big_down_label,0.0019,0.96,0.2,33,42,1.6705853246812923,0.0012050914516164024,1.2329199477868282,4.26981237510678,0.1200000000000001,-0.23135648319326543,0.9907045925925927,0.011342236937359826,0.012225087348409549,0.3333333333333333,0.9979969480333416,0.0020070722366491247,3,ok,,1.084449136566143,-0.024291546813978382,-0.17009978105739965,2.3215956343301305,C:\Users\qqrtq\Documents\GitHub\Data-Mining\outputs\experiments\auto_20260614_190800_exp_034,
auto_20260614_190800_exp_043,ml_conservative_full_participation_enhancement,80,optuna,RandomForest,20,0.536,0.597,0.035,0.971,0.95,0.945,0.0306,1.21,0.102,big_down_label,0.0009,0.957,0.35000000000000003,42,42,1.6681405623340737,0.001264166142053121,1.2330400446719825,4.27076760504976,0.1266666666666668,-0.23134269046955658,0.9901724216524217,0.011996596760669045,0.012923883017568088,0.3333333333333333,0.9978748821232173,0.0021296436205117592,3,ok,,1.0839476513718402,-0.0247930320082812,-0.17009978105739976,2.3215298249305296,C:\Users\qqrtq\Documents\GitHub\Data-Mining\outputs\experiments\auto_20260614_190800_exp_043,
auto_20260614_190800_exp_012,ml_conservative_full_participation_enhancement,80,optuna,RandomForest,20,0.531,0.572,0.0468,0.974,0.963,0.94,0.0591,1.216,0.1,big_up_label,0.0014,0.951,0.25,11,42,1.6568527526352657,0.0009232185294570187,1.231552373088003,4.254127592048963,0.14000000000000012,-0.23157129022530312,0.9894099145299143,0.013087196466184411,0.013795630460622384,0.3333333333333333,0.9972650809405263,0.002742419354435253,3,ok,,1.1078221337995662,-0.0009185495805552613,-0.16257466798180742,2.371711989060327,C:\Users\qqrtq\Documents\GitHub\Data-Mining\outputs\experiments\auto_20260614_190800_exp_012,
auto_20260614_190800_exp_023,ml_conservative_full_participation_enhancement,80,optuna,RandomForest,20,0.545,0.571,0.0323,0.975,0.957,0.94,0.0535,1.131,0.105,big_down_label,0.0015,0.956,0.2,22,42,1.6568527526352657,0.0009232185294570187,1.231552373088003,4.254127592048963,0.14000000000000012,-0.23157129022530312,0.9894099145299143,0.013087196466184411,0.013795630460622384,0.3333333333333333,0.9972650809405263,0.002742419354435253,3,ok,,1.1078221337995662,-0.0009185495805552613,-0.16257466798180742,2.371711989060327,C:\Users\qqrtq\Documents\GitHub\Data-Mining\outputs\experiments\auto_20260614_190800_exp_023,
auto_20260614_190800_exp_044,ml_conservative_full_participation_enhancement,80,optuna,RandomForest,20,0.537,0.594,0.0395,0.971,0.95,0.945,0.0282,1.213,0.102,big_down_label,0.0011,0.956,0.4,43,42,1.5803332959664982,0.0003064571798376085,1.2390502673725945,4.323308454359573,0.35100000000000026,-0.2292331168983913,0.9848055118095763,0.017457542006088483,0.01762825322426656,0.3333333333333333,0.9970761203798838,0.002932453761907579,3,ok,,1.0839260589619313,-0.024814624418190157,-0.17009978105739976,2.328156179792638,C:\Users\qqrtq\Documents\GitHub\Data-Mining\outputs\experiments\auto_20260614_190800_exp_044,
auto_20260614_190800_exp_003,ml_conservative_full_participation_enhancement,80,optuna,RandomForest,20,0.541,0.575,0.0318,0.973,0.955,0.945,0.0262,1.17,0.108,big_down_label,0.0009,0.957,0.2,2,42,1.5589046393200339,-0.0012755855214399148,1.2341414471283085,4.303872260074898,0.4280000000000004,-0.2293351014234899,0.9876640229758294,0.014107022357681418,0.013160544627511393,0.3333333333333333,0.9973530514494254,0.002653973481835634,3,ok,,1.084761288463155,-0.023979394916966434,-0.17009978105739976,2.32811249691446,C:\Users\qqrtq\Documents\GitHub\Data-Mining\outputs\experiments\auto_20260614_190800_exp_003,
auto_20260614_190800_exp_042,ml_conservative_full_participation_enhancement,80,optuna,RandomForest,20,0.542,0.58,0.0271,0.972,0.955,0.939,0.0199,1.165,0.105,big_down_label,0.0011,0.964,0.2,41,42,1.5508054850547124,-0.0018417087990549492,1.2310682433807583,4.2925620064694625,0.45833333333333376,-0.229340554716262,0.9871659266611523,0.014881731845020604,0.013501601692481421,0.3333333333333333,0.9969032584619028,0.0031063611356583606,3,ok,,1.0854488461247151,-0.02329183725540629,-0.17009978105739954,2.330146848911176,C:\Users\qqrtq\Documents\GitHub\Data-Mining\outputs\experiments\auto_20260614_190800_exp_042,
auto_20260614_190800_exp_008,ml_conservative_full_participation_enhancement,80,optuna,RandomForest,20,0.588,0.575,0.0233,0.979,0.949,0.93,0.0164,1.088,0.111,big_up_label,0.001,0.961,0.30000000000000004,7,42,1.5400949626130693,-0.0024563657437504474,1.2275225031370478,4.283290507301383,0.46899999999999986,-0.22965619994936015,0.9885136386361547,0.013453087272908568,0.011482007597014001,0.3333333333333333,0.9970884914648166,0.0029200101697153965,3,ok,,1.0839722226906296,-0.02476846068949179,-0.17009978105739965,2.3277712414191365,C:\Users\qqrtq\Documents\GitHub\Data-Mining\outputs\experiments\auto_20260614_190800_exp_008,
auto_20260614_190800_exp_046,ml_bull_full_participation_enhancement,50,optuna,RandomForest,10,0.528,0.629,0.0001,0.994,0.986,0.962,0.0823,1.245,0.132,big_up_label,0.0024,0.988,0.2,45,42,1.5104338880190096,0.0,1.2302153475419983,4.246537198040818,0.0,-0.23168741942637575,1.0,0.0,0.0,0.0,1.0,0.0,3,ok,,1.1131672500650112,0.004426566684889721,-0.17260282010543837,2.3337838878560233,C:\Users\qqrtq\Documents\GitHub\Data-Mining\outputs\experiments\auto_20260614_190800_exp_046,
auto_20260614_190800_exp_010,ml_ultra_conservative_full_participation_enhancement,80,optuna,RandomForest,10,0.625,0.686,0.0233,0.988,0.964,0.942,0.0765,1.197,0.128,big_down_label,0.0011,0.982,0.15000000000000002,9,42,1.5104338880190096,0.0,1.2302153475419983,4.246537198040818,0.0,-0.23168741942637575,1.0,0.0,0.0,0.0,1.0,0.0,3,ok,,1.1129342287319917,0.00419354535187022,-0.17260282010543804,2.333352775802657,C:\Users\qqrtq\Documents\GitHub\Data-Mining\outputs\experiments\auto_20260614_190800_exp_010,
auto_20260614_190800_exp_014,ml_ultra_conservative_full_participation_enhancement,80,optuna,XGBoost,20,0.561,0.732,0.059,0.989,0.97,0.953,0.0653,1.26,0.103,big_up_label,0.0014,0.968,0.35000000000000003,13,42,1.5104338880190096,0.0,1.2302153475419983,4.246537198040818,0.0,-0.23168741942637575,1.0,0.0,0.0,0.0,1.0,0.0,3,ok,,1.1117881531963514,0.003047469816229942,-0.17260282010543804,2.331362267183584,C:\Users\qqrtq\Documents\GitHub\Data-Mining\outputs\experiments\auto_20260614_190800_exp_014,
auto_20260614_190800_exp_018,ml_bull_full_participation_enhancement,50,optuna,RandomForest,10,0.553,0.775,0.033,0.999,0.992,0.974,0.076,1.308,0.108,big_up_label,0.0023,0.991,0.2,17,42,1.5104338880190096,0.0,1.2302153475419983,4.246537198040818,0.0,-0.23168741942637575,1.0,0.0,0.0,0.0,1.0,0.0,3,ok,,1.1117691956298406,0.0030285122497191175,-0.17260282010543793,2.331194560370842,C:\Users\qqrtq\Documents\GitHub\Data-Mining\outputs\experiments\auto_20260614_190800_exp_018,
auto_20260614_190800_exp_016,ml_bull_full_participation_enhancement,80,optuna,ExtraTrees,20,0.521,0.77,0.0165,0.999,0.994,0.982,0.0993,1.266,0.099,avoid_loss_label,0.0028,0.993,0.2,15,42,1.5104338880190096,0.0,1.2302153475419983,4.246537198040818,0.0,-0.23168741942637575,1.0,0.0,0.0,0.0,1.0,0.0,3,ok,,1.1102559585287817,0.0015152751486602334,-0.17260282010543815,2.3296375792286765,C:\Users\qqrtq\Documents\GitHub\Data-Mining\outputs\experiments\auto_20260614_190800_exp_016,
auto_20260614_190800_exp_001,ml_bull_full_participation_enhancement,50,optuna,ExtraTrees,5,0.599,0.652,0.0257,0.995,0.985,0.975,0.0336,1.116,0.137,reduce_position_worth_label,0.0025,0.997,0.25,0,42,1.5104338880190096,0.0,1.2302153475419983,4.246537198040818,0.0,-0.23168741942637575,1.0,0.0,0.0,0.0,1.0,0.0,3,ok,,1.1087406833801214,0.0,-0.17260282010543826,2.3255626278329253,C:\Users\qqrtq\Documents\GitHub\Data-Mining\outputs\experiments\auto_20260614_190800_exp_001,
auto_20260614_190800_exp_026,ml_bull_full_participation_enhancement,80,optuna,ExtraTrees,10,0.522,0.754,0.0481,0.997,0.99,0.971,0.0734,1.144,0.117,big_up_label,0.0018,0.989,0.15000000000000002,25,42,1.5104338880190096,0.0,1.2302153475419983,4.246537198040818,0.0,-0.23168741942637575,1.0,0.0,0.0,0.0,1.0,0.0,3,ok,,1.1087406833801214,0.0,-0.17260282010543826,2.3255626278329253,C:\Users\qqrtq\Documents\GitHub\Data-Mining\outputs\experiments\auto_20260614_190800_exp_026,
auto_20260614_190800_exp_030,ml_bull_full_participation_enhancement,80,optuna,RandomForest,10,0.561,0.716,0.0286,0.996,0.995,0.978,0.0629,1.126,0.115,reduce_position_worth_label,0.0027,0.995,0.25,29,42,1.5104338880190096,0.0,1.2302153475419983,4.246537198040818,0.0,-0.23168741942637575,1.0,0.0,0.0,0.0,1.0,0.0,3,ok,,1.1087406833801214,0.0,-0.17260282010543826,2.3255626278329253,C:\Users\qqrtq\Documents\GitHub\Data-Mining\outputs\experiments\auto_20260614_190800_exp_030,
auto_20260614_190800_exp_002,ml_bull_full_participation_enhancement,80,optuna,LightGBM,20,0.603,0.677,0.014,0.995,0.986,0.98,0.026,1.347,0.126,avoid_loss_label,0.001,0.987,0.35000000000000003,1,42,1.5104338880190096,0.0,1.2302153475419983,4.246537198040818,0.0,-0.23168741942637575,1.0,0.0,0.0,0.0,1.0,0.0,3,ok,,1.1082325082151239,-0.0005081751649975708,-0.17260282010543782,2.3282946542870997,C:\Users\qqrtq\Documents\GitHub\Data-Mining\outputs\experiments\auto_20260614_190800_exp_002,
auto_20260614_190800_exp_020,ml_ultra_conservative_full_participation_enhancement,80,optuna,HistGradientBoosting,20,0.591,0.704,0.0599,0.986,0.972,0.954,0.0675,1.236,0.102,avoid_loss_label,0.0012,0.963,0.30000000000000004,19,42,1.5104338880190096,0.0,1.2302153475419983,4.246537198040818,0.0,-0.23168741942637575,1.0,0.0,0.0,0.0,1.0,0.0,3,ok,,1.0996027644710344,-0.009137918909086995,-0.17260282010543837,2.32266925605704,C:\Users\qqrtq\Documents\GitHub\Data-Mining\outputs\experiments\auto_20260614_190800_exp_020,
auto_20260614_190800_exp_040,ml_ultra_conservative_full_participation_enhancement,80,optuna,HistGradientBoosting,20,0.557,0.711,0.051,0.991,0.978,0.952,0.0605,1.155,0.113,big_down_label,0.002,0.977,0.25,39,42,1.5104338880190096,0.0,1.2302153475419983,4.246537198040818,0.0,-0.23168741942637575,1.0,0.0,0.0,0.0,1.0,0.0,3,ok,,1.099205378114196,-0.009535305265925498,-0.17260282010543804,2.322531836366071,C:\Users\qqrtq\Documents\GitHub\Data-Mining\outputs\experiments\auto_20260614_190800_exp_040,
auto_20260614_190800_exp_050,ml_ultra_conservative_full_participation_enhancement,80,optuna,RandomForest,20,0.555,0.618,0.053,0.977,0.977,0.949,0.059,1.256,0.121,avoid_loss_label,0.0009,0.979,0.15000000000000002,49,42,1.5076364867148453,-0.0001159844431535273,1.229855386551787,4.247856534289601,0.015333333333333346,-0.23168741942637572,0.9998773333333334,0.00012468118183363934,5.854841986590925e-05,0.0,0.9998360001278377,0.00016402677253200956,3,ok,,1.1139212702163381,0.005180586836216694,-0.17260282010543826,2.335398066890825,C:\Users\qqrtq\Documents\GitHub\Data-Mining\outputs\experiments\auto_20260614_190800_exp_050,
auto_20260614_190800_exp_029,ml_bull_full_participation_enhancement,50,optuna,RandomForest,20,0.529,0.639,0.0211,0.995,0.989,0.968,0.0868,1.153,0.104,big_up_label,0.0019,0.987,0.2,28,42,1.5065414919094458,-0.00016138667042168522,1.2297140415270496,4.24837283225792,0.021333333333333353,-0.23168741942637575,0.9998293333333333,0.00017346947037723734,8.145867111778678e-05,0.0,0.9997718168613318,0.0002282352180965841,3,ok,,1.1124682007784417,0.0037275173983202237,-0.17260282010543793,2.332490020105842,C:\Users\qqrtq\Documents\GitHub\Data-Mining\outputs\experiments\auto_20260614_190800_exp_029,
auto_20260614_190800_exp_006,ml_bull_full_participation_enhancement,50,optuna,LightGBM,20,0.575,0.731,0.0326,0.992,0.992,0.966,0.046,1.287,0.119,big_down_label,0.0022,0.995,0.30000000000000004,5,42,1.5062981322727944,-0.00017147735361366934,1.2296825940544485,4.248487567886213,0.022666666666666686,-0.2316874194263757,0.9998186666666666,0.00018431131227581465,8.654983806264845e-05,0.0,0.9997575531955873,0.00024250559912029825,3,ok,,1.1078730483783539,-0.0008676350017675638,-0.17260282010543793,2.330169429128056,C:\Users\qqrtq\Documents\GitHub\Data-Mining\outputs\experiments\auto_20260614_190800_exp_006,
auto_20260614_190800_exp_037,ml_bull_full_participation_enhancement,80,optuna,RandomForest,20,0.535,0.742,0.0445,0.994,0.988,0.965,0.0714,1.349,0.123,big_down_label,0.0023,0.987,0.25,36,42,1.5024977900173142,-0.00031915093394230265,1.2291319024723582,4.246107059976173,0.04666666666666671,-0.23169380688922633,0.9997072364672365,0.00023718102743033748,5.431380237893769e-05,0.0,0.9995737187211572,0.0004264630720665257,3,ok,,1.1122960465560245,0.0035553631759031035,-0.17260282010543826,2.332324970464172,C:\Users\qqrtq\Documents\GitHub\Data-Mining\outputs\experiments\auto_20260614_190800_exp_037,
auto_20260614_190800_exp_039,ml_conservative_full_participation_enhancement,80,optuna,ExtraTrees,20,0.544,0.679,0.0335,0.974,0.953,0.941,0.0527,1.089,0.11,avoid_loss_label,0.0019,0.959,0.2,38,42,1.4959463693627588,-0.003887385221382026,1.229189745380418,4.229696132342236,0.08733333333333342,-0.2303530084984913,0.9876353276353277,0.016649594754619367,0.013374984154250077,0.3333333333333333,0.9935470950290838,0.0064948153974798035,3,ok,,1.0945550834150626,-0.01418559996505886,-0.17099792715643314,2.323448314389933,C:\Users\qqrtq\Documents\GitHub\Data-Mining\outputs\experiments\auto_20260614_190800_exp_039,
auto_20260614_190800_exp_041,ml_conservative_full_participation_enhancement,80,optuna,XGBoost,20,0.602,0.655,0.0095,0.977,0.958,0.945,0.0243,1.113,0.098,avoid_loss_label,0.0017,0.961,0.15000000000000002,40,42,1.476156140839002,-0.0046111481401115055,1.223970444482158,4.189754628152528,0.20900000000000019,-0.23050718336731302,0.9889808091168092,0.015357577078334858,0.012375444051632245,0.3333333333333333,0.9899714147110554,0.010130176629263112,3,ok,,1.0842945051637631,-0.024446178216358305,-0.1700997810573992,2.327829601794959,C:\Users\qqrtq\Documents\GitHub\Data-Mining\outputs\experiments\auto_20260614_190800_exp_041,
auto_20260614_190800_exp_017,ml_conservative_full_participation_enhancement,50,optuna,ExtraTrees,20,0.583,0.631,0.0065,0.969,0.964,0.927,0.0593,1.142,0.088,avoid_loss_label,0.0012,0.969,0.35000000000000003,16,42,1.4531450236802168,-0.0031993320427115,1.2295040040440939,4.2311865149350085,0.10766666666666662,-0.23009593186296104,0.9832193732193731,0.023743142159733683,0.021091671233095143,0.3333333333333333,0.9910236280246322,0.009057677053835702,3,ok,,1.1075827072320354,-0.001157976148085993,-0.16039628515826,2.3817050387008134,C:\Users\qqrtq\Documents\GitHub\Data-Mining\outputs\experiments\auto_20260614_190800_exp_017,
auto_20260614_190800_exp_027,ml_conservative_full_participation_enhancement,50,optuna,HistGradientBoosting,20,0.547,0.571,0.0379,0.971,0.96,0.937,0.0556,1.215,0.098,big_down_label,0.0017,0.964,0.25,26,42,1.423765525084705,-0.002195965246694039,1.2157622953223417,4.227860033994507,0.2309999999999998,-0.23146839419021117,0.9924773333333334,0.0109289841979397,0.008308496481071466,0.0,0.9982595643810538,0.001743470016263114,3,ok,,1.066355657732454,-0.04238502564766744,-0.16776120465521194,2.325436875995354,C:\Users\qqrtq\Documents\GitHub\Data-Mining\outputs\experiments\auto_20260614_190800_exp_027,
auto_20260614_190800_exp_033,ml_conservative_full_participation_enhancement,80,optuna,LightGBM,20,0.556,0.602,0.0119,0.973,0.955,0.942,0.0386,1.163,0.107,big_down_label,0.0013,0.95,0.2,32,42,1.4205983354319747,-0.0023143624693930573,1.2160387853615473,4.211700276520759,0.2513333333333336,-0.23157516119867236,0.9932184615384614,0.010269090932575413,0.008076818101898512,0.0,0.9969427524925792,0.003066622932738022,3,ok,,1.0814710243248489,-0.027269659055272566,-0.17009978105739965,2.3267210677029513,C:\Users\qqrtq\Documents\GitHub\Data-Mining\outputs\experiments\auto_20260614_190800_exp_033,
auto_20260614_190800_exp_048,ml_conservative_full_participation_enhancement,80,optuna,LightGBM,20,0.594,0.608,0.0164,0.985,0.954,0.94,0.0553,1.201,0.111,reduce_position_worth_label,0.0016,0.962,0.30000000000000004,47,42,1.4174950935351271,-0.0023946613256929186,1.215547164534332,4.210499221426875,0.26000000000000023,-0.2315712902253032,0.9929846153846155,0.010623197516457322,0.008355329070929495,0.0,0.9968381518730067,0.0031718771207264415,3,ok,,1.1090286139147696,0.0002879305346481509,-0.16257466798180742,2.373299298386091,C:\Users\qqrtq\Documents\GitHub\Data-Mining\outputs\experiments\auto_20260614_190800_exp_048,
auto_20260614_190800_exp_028,ml_conservative_full_participation_enhancement,50,optuna,XGBoost,20,0.562,0.602,0.03,0.976,0.967,0.937,0.0481,1.19,0.091,reduce_position_worth_label,0.0014,0.954,0.30000000000000004,27,42,1.402720696708123,-0.0033071684991918446,1.211563492681117,4.198155102186118,0.16799999999999984,-0.2316874194263758,0.9931608205128205,0.010741026216852688,0.007372598571132284,0.0,0.9966855516466222,0.003325470453446472,3,ok,,1.0962247633280215,-0.012515920052099894,-0.17260282010543815,2.321469982522413,C:\Users\qqrtq\Documents\GitHub\Data-Mining\outputs\experiments\auto_20260614_190800_exp_028,
auto_20260614_190800_exp_015,ml_conservative_full_participation_enhancement,50,optuna,ExtraTrees,10,0.532,0.617,0.0385,0.976,0.962,0.932,0.0565,1.206,0.096,big_up_label,0.0017,0.951,0.25,14,42,1.379795954911292,-0.0034157643039000782,1.2173512451737918,4.196892128639225,0.2719999999999998,-0.23187617953446538,0.9878165698005699,0.014012059160491938,0.010862460122499884,0.0,0.9963336169230635,0.003679874908024465,3,ok,,1.0906761460062162,-0.01806453737390523,-0.17260282010543804,2.316538102992007,C:\Users\qqrtq\Documents\GitHub\Data-Mining\outputs\experiments\auto_20260614_190800_exp_015,
auto_20260614_190800_exp_036,ml_conservative_full_participation_enhancement,50,optuna,LightGBM,20,0.581,0.661,0.0405,0.982,0.949,0.947,0.0373,1.107,0.105,avoid_loss_label,0.0015,0.955,0.2,35,42,1.3750176225666384,-0.004569465304322266,1.2086298282119297,4.187664931243718,0.2826666666666669,-0.23168741942637575,0.9926820740740742,0.011382251382849555,0.007117996630291234,0.0,0.995456735545141,0.004563999913437729,3,ok,,1.0820838219033684,-0.026656861476753058,-0.17009978105739942,2.326599188210606,C:\Users\qqrtq\Documents\GitHub\Data-Mining\outputs\experiments\auto_20260614_190800_exp_036,
auto_20260614_190800_exp_005,ml_conservative_full_participation_enhancement,50,optuna,RandomForest,20,0.553,0.667,0.0087,0.982,0.952,0.947,0.0212,1.155,0.076,big_down_label,0.002,0.978,0.2,4,42,1.3580857222551967,-0.0040387622898107045,1.2224396077521573,4.214642644606788,0.2220000000000002,-0.23060975956593988,0.9872297435897434,0.01689064613330662,0.013765286279792871,0.3333333333333333,0.9924803900730259,0.00757658287477171,3,ok,,1.084663633966314,-0.024077049413807394,-0.17009978105739965,2.3292997972337424,C:\Users\qqrtq\Documents\GitHub\Data-Mining\outputs\experiments\auto_20260614_190800_exp_005,
auto_20260614_190800_exp_045,ml_conservative_full_participation_enhancement,50,optuna,ExtraTrees,10,0.55,0.598,0.0363,0.975,0.946,0.932,0.0313,1.189,0.093,big_down_label,0.0018,0.953,0.4,44,42,1.3132922229400363,-0.006238389781989762,1.2195880507616168,4.1748273102035185,0.33433333333333287,-0.2306814098972755,0.9832399999999999,0.022365832012706574,0.017576648837673837,0.3333333333333333,0.9894644141486988,0.01064776630735692,3,ok,,1.0848281429777602,-0.023912540402361238,-0.1700997810573993,2.324190192795836,C:\Users\qqrtq\Documents\GitHub\Data-Mining\outputs\experiments\auto_20260614_190800_exp_045,
auto_20260614_190800_exp_024,ml_conservative_full_participation_enhancement,50,optuna,ExtraTrees,10,0.569,0.593,0.0358,0.979,0.96,0.923,0.053,1.125,0.095,big_down_label,0.0015,0.953,0.2,23,42,1.3118155126429285,-0.006438900078773013,1.2173819553219098,4.165520351894002,0.41999999999999965,-0.23089787632108386,0.9842383133903132,0.021239670868820577,0.016426448353816864,0.3333333333333333,0.9894379779626541,0.010674769184718345,3,ok,,1.084207042323027,-0.024533641057094435,-0.1700997810573992,2.325366222149351,C:\Users\qqrtq\Documents\GitHub\Data-Mining\outputs\experiments\auto_20260614_190800_exp_024,
auto_20260614_190800_exp_035,ml_conservative_full_participation_enhancement,80,optuna,RandomForest,20,0.548,0.67,0.0357,0.977,0.951,0.934,0.0312,1.142,0.113,big_down_label,0.0019,0.959,0.25,34,42,1.1077551379053279,-0.006284956840771756,1.2159945862168249,4.202147611940529,0.23033333333333297,-0.23042362076005649,0.9844259829059832,0.02042022651663767,0.014860457264085304,0.0,0.9919961749125973,0.008068403175151267,3,ok,,1.085171117025559,-0.023569566354562532,-0.17009978105739976,2.3241002669334674,C:\Users\qqrtq\Documents\GitHub\Data-Mining\outputs\experiments\auto_20260614_190800_exp_035,
auto_20260614_190800_exp_032,ml_conservative_full_participation_enhancement,80,optuna,RandomForest,20,0.541,0.582,0.0313,0.973,0.955,0.942,0.0292,1.182,0.105,big_down_label,0.001,0.957,0.25,31,42,1.1045547799546214,-0.006149646019617723,1.2183728732771957,4.207552695075026,0.17300000000000015,-0.23024131994177421,0.9830137891737892,0.02219637491337707,0.016678257114724693,0.0,0.9917149665289424,0.008354248701172321,3,ok,,1.085721118761311,-0.023019564618810495,-0.1700997810573992,2.32356546804113,C:\Users\qqrtq\Documents\GitHub\Data-Mining\outputs\experiments\auto_20260614_190800_exp_032,
auto_20260614_190800_exp_022,ml_conservative_full_participation_enhancement,80,optuna,RandomForest,20,0.54,0.586,0.0191,0.975,0.957,0.937,0.0348,1.171,0.108,big_down_label,0.0008,0.956,0.25,21,42,1.1045354521510788,-0.006280131901676385,1.2169310437337455,4.204172048687359,0.2066666666666663,-0.23033053411591206,0.9836533333333332,0.021399437976037595,0.015808715297645257,0.0,0.9918008425361399,0.008266939401759456,3,ok,,1.082622810674252,-0.026117872705869516,-0.17009978105739954,2.3282377348898073,C:\Users\qqrtq\Documents\GitHub\Data-Mining\outputs\experiments\auto_20260614_190800_exp_022,
auto_20260614_190800_exp_025,ml_conservative_full_participation_enhancement,80,optuna,RandomForest,20,0.53,0.63,0.0448,0.98,0.952,0.92,0.0533,1.101,0.101,avoid_loss_label,0.0014,0.958,0.2,24,42,1.097131981061085,-0.006890441374568142,1.2122129724870947,4.192724983378898,0.3133333333333331,-0.23054476726209014,0.9849527065527068,0.019817213307324996,0.013811972242027829,0.0,0.9917440639939905,0.008324663898426555,3,ok,,1.0822645681972518,-0.02647611518286963,-0.17009978105739954,2.3303629541853956,C:\Users\qqrtq\Documents\GitHub\Data-Mining\outputs\experiments\auto_20260614_190800_exp_025,
auto_20260614_190800_exp_019,ml_big_up_index_enhancement,50,optuna,XGBoost,20,0.551,0.552,0.0425,0.96,0.926,0.903,0.0411,1.198,0.087,reduce_position_worth_label,0.0018,0.972,0.25,18,42,0.8456661680456475,-0.004987950168939825,1.2127514217416722,4.099223174309878,0.5819999999999997,-0.21718977169277945,0.9338613763440864,0.08189043490639064,0.07790654075342301,0.3333333333333333,0.9772448024910151,0.02328505350039372,3,ok,,1.0310697658852064,-0.07767091749491506,-0.17009978105739965,2.324486763289241,C:\Users\qqrtq\Documents\GitHub\Data-Mining\outputs\experiments\auto_20260614_190800_exp_019,
auto_20260614_190800_exp_031,ml_big_up_index_enhancement,50,optuna,ExtraTrees,5,0.544,0.562,0.0249,0.965,0.944,0.911,0.0434,1.242,0.091,big_down_label,0.0012,0.974,0.30000000000000004,30,42,0.810291890562445,-0.006761734095726039,1.2029784122280607,4.034214752611217,0.4966666666666666,-0.2190448305710931,0.941572129032258,0.07495431144747418,0.06974039713732434,0.3333333333333333,0.9772607309541455,0.023268374882568964,3,ok,,1.0310887481438282,-0.07765193523629321,-0.17093442388758728,2.2864105029419397,C:\Users\qqrtq\Documents\GitHub\Data-Mining\outputs\experiments\auto_20260614_190800_exp_031,
auto_20260614_190800_exp_049,ml_big_up_index_enhancement,50,optuna,ExtraTrees,5,0.537,0.568,0.0424,0.965,0.922,0.916,0.011,1.133,0.103,big_up_label,0.0021,0.966,0.35000000000000003,48,42,0.7867726042034618,-0.006503135663692501,1.2087568725081803,4.086399769107767,0.6413333333333329,-0.21870938501830042,0.9399102795698925,0.07383558715132636,0.06868084478205233,0.3333333333333333,0.9788096716369813,0.02164907946565297,3,ok,,1.0346393935050107,-0.07410128987511078,-0.16789584799303026,2.3185873595833875,C:\Users\qqrtq\Documents\GitHub\Data-Mining\outputs\experiments\auto_20260614_190800_exp_049,
auto_20260614_190800_exp_009,ml_big_up_index_enhancement,50,optuna,HistGradientBoosting,20,0.609,0.649,0.014,0.983,0.939,0.875,0.0345,1.172,0.072,reduce_position_worth_label,0.0021,0.961,0.15000000000000002,8,42,0.7017470613777792,-0.006558026126131433,1.1979252039014388,3.9864503234286937,0.49033333333333334,-0.21317839084631218,0.9103851612903225,0.10846665830434703,0.10273010869218062,0.3333333333333333,0.970876496203657,0.029997125185564272,3,ok,,1.0060474757879945,-0.10269320759212697,-0.1707164760605544,2.3066455102619665,C:\Users\qqrtq\Documents\GitHub\Data-Mining\outputs\experiments\auto_20260614_190800_exp_009,
auto_20260614_190800_exp_011,ml_big_up_index_enhancement,50,optuna,ExtraTrees,10,0.568,0.61,0.0019,0.951,0.883,0.83,0.0497,1.229,0.061,avoid_loss_label,0.0015,0.967,0.4,10,42,0.4911327252963349,-0.012420464993399364,1.1809375209282866,3.8587117380869853,0.8333333333333334,-0.20619016134349266,0.8745072258064513,0.15171831140384195,0.14146112856841864,0.3333333333333333,0.9585236211090956,0.04327110775101461,3,ok,,0.9487596485106731,-0.15998103486944837,-0.16788913280294482,2.2789556840197145,C:\Users\qqrtq\Documents\GitHub\Data-Mining\outputs\experiments\auto_20260614_190800_exp_011,
auto_20260614_190800_exp_021,ml_direct_signal_timing,80,optuna,RandomForest,20,0.619,0.59,0.0275,0.962,0.939,0.91,0.0429,1.179,0.083,big_up_label,0.0008,0.955,0.25,20,42,0.4180599236709065,-0.019981910875191116,1.2599552290844975,4.329440157354367,1.084333333333333,-0.2092033943553139,0.8847315913978494,0.12400516392383576,0.10794966308872322,0.3333333333333333,0.9612004840870152,0.04036568494848199,3,ok,,0.9488548928492455,-0.15988579053087593,-0.13901030727345598,2.37732829083164,C:\Users\qqrtq\Documents\GitHub\Data-Mining\outputs\experiments\auto_20260614_190800_exp_021,
auto_20260614_190800_exp_038,ml_direct_signal_timing,80,optuna,RandomForest,5,0.569,0.55,0.0488,0.953,0.944,0.914,0.0137,1.132,0.099,big_down_label,0.0021,0.952,0.25,37,42,0.390919413600317,-0.02189828892412023,1.296191350087301,4.536479309572873,1.461999999999999,-0.2089867810015409,0.8741163440860217,0.12882824655249192,0.11163788769755356,0.3333333333333333,0.9580307431956092,0.04380783926035412,3,ok,,0.9303772708778155,-0.17836341250230592,-0.13901030727345642,2.32796997949212,C:\Users\qqrtq\Documents\GitHub\Data-Mining\outputs\experiments\auto_20260614_190800_exp_038,
auto_20260614_190800_exp_013,ml_direct_signal_timing,80,optuna,RandomForest,5,0.538,0.61,0.0499,0.968,0.929,0.901,0.0498,1.225,0.094,big_up_label,0.0016,0.952,0.25,12,42,0.33002559913644147,-0.023497644485817853,1.2853507287213044,4.452969578174543,1.5996666666666668,-0.20763116430262907,0.8677332473118279,0.13792057140275474,0.11965014144990227,0.3333333333333333,0.9546190545378307,0.04753827743794624,3,ok,,0.9041726461624384,-0.20456803721768302,-0.13901030727345598,2.3023011324284375,C:\Users\qqrtq\Documents\GitHub\Data-Mining\outputs\experiments\auto_20260614_190800_exp_013,
auto_20260614_190800_exp_047,ml_direct_signal_timing,50,optuna,ExtraTrees,20,0.574,0.563,0.0216,0.967,0.935,0.915,0.0462,1.222,0.097,big_down_label,0.0022,0.951,0.35000000000000003,46,42,0.2358546248689506,-0.02718950415314351,1.2031117501775177,3.935891324731301,1.205,-0.2123576653991246,0.8834059139784948,0.12461023724260949,0.10303345300509893,0.3333333333333333,0.9590117766494066,0.04274006258171091,3,ok,,0.9531404373001704,-0.15560024607995104,-0.13901030727345653,2.351633551390587,C:\Users\qqrtq\Documents\GitHub\Data-Mining\outputs\experiments\auto_20260614_190800_exp_047,
auto_20260614_190800_exp_007,ml_direct_signal_timing,80,optuna,ExtraTrees,10,0.636,0.695,0.0427,0.96,0.911,0.905,0.0227,1.117,0.088,avoid_loss_label,0.002,0.978,0.30000000000000004,6,42,0.22967160522087227,-0.027646322151609042,1.2357966596437187,4.1739079772006695,1.1709999999999998,-0.20755982476638213,0.8730510322580646,0.13743771810988023,0.11485006602659292,0.3333333333333333,0.9595999032630996,0.04210098041852737,3,ok,,0.9128659450424781,-0.19587473833764335,-0.1390103072734563,2.3388603839585027,C:\Users\qqrtq\Documents\GitHub\Data-Mining\outputs\experiments\auto_20260614_190800_exp_007,
