date,trade_date,strategy,final_position,signal,buy_hold_return,strategy_return,active_return,turnover,transaction_cost,missed_upside,avoided_downside,gross_position_timing_contribution,net_position_timing_contribution,defensive_day,pred_big_up_prob,pred_big_down_prob,pred_tail_score
2025-01-02,2025-01-03,ml_big_up_index_enhancement,0.975,ADJUST,-0.0478283114620352,-0.04665760367548431,0.001170707786550887,0.025000000000000022,2.500000000000002e-05,0.0,0.0011957077865508811,0.0011957077865508811,0.001170707786550881,True,0.4685036910965011,0.4105996651748386,0.0579040259216624
2025-01-03,2025-01-06,ml_big_up_index_enhancement,0.975,ADJUST,-0.0069650382960925,-0.0067909123386901875,0.0001741259574023126,0.0,0.0,0.0,0.00017412595740231267,0.00017412595740231267,0.00017412595740231267,True,0.5398026625661744,0.3866218772406085,0.1531807853255658
2025-01-06,2025-01-07,ml_big_up_index_enhancement,0.975,ADJUST,0.0366605926415575,0.03574407782551856,-0.000916514816038938,0.0,0.0,0.0009165148160389384,-0.0,-0.0009165148160389384,-0.0009165148160389384,True,0.5118103192412119,0.3608732115077667,0.1509371077334451
2025-01-07,2025-01-08,ml_big_up_index_enhancement,0.975,ADJUST,-0.0023530938670022,-0.002294266520327145,5.8827346675054994e-05,0.0,0.0,0.0,5.8827346675055055e-05,5.8827346675055055e-05,5.8827346675055055e-05,True,0.4053213726390925,0.3527096621378409,0.0526117105012516
2025-01-08,2025-01-09,ml_big_up_index_enhancement,0.975,ADJUST,0.0057325795476721,0.005589265058980298,-0.0001433144886918026,0.0,0.0,0.00014331448869180262,-0.0,-0.00014331448869180262,-0.00014331448869180262,True,0.4248146016904501,0.3733055518103687,0.0515090498800813
2025-01-09,2025-01-10,ml_big_up_index_enhancement,0.975,ADJUST,-0.0315477194758448,-0.030759026488948682,0.0007886929868961209,0.0,0.0,0.0,0.0007886929868961207,0.0007886929868961207,0.0007886929868961207,True,0.3756918261115492,0.3622655713083718,0.0134262548031773
2025-01-10,2025-01-13,ml_big_up_index_enhancement,0.975,ADJUST,0.0092508442193837,0.009019573113899107,-0.0002312711054845932,0.0,0.0,0.0002312711054845927,-0.0,-0.0002312711054845927,-0.0002312711054845927,True,0.5050155753200983,0.3756988599244446,0.1293167153956537
2025-01-13,2025-01-14,ml_big_up_index_enhancement,0.975,ADJUST,0.0547114823051495,0.053343695247520764,-0.0013677870576287374,0.0,0.0,0.0013677870576287387,-0.0,-0.0013677870576287387,-0.0013677870576287387,True,0.468120806917231,0.3229904504287459,0.145130356488485
2025-01-14,2025-01-15,ml_big_up_index_enhancement,0.975,ADJUST,0.0002536797198067,0.0002473377268115325,-6.341992995167523e-06,0.0,0.0,6.3419929951675055e-06,-0.0,-6.3419929951675055e-06,-6.3419929951675055e-06,True,0.3791838555075161,0.3715392317405142,0.0076446237670019
2025-01-15,2025-01-16,ml_big_up_index_enhancement,0.975,ADJUST,0.0094601264804456,0.00922362331843446,-0.00023650316201113963,0.0,0.0,0.0002365031620111402,-0.0,-0.0002365031620111402,-0.0002365031620111402,True,0.3642559775743199,0.3914500719762785,-0.0271940944019586
2025-01-16,2025-01-17,ml_big_up_index_enhancement,0.975,ADJUST,-0.0051733546570996,-0.00504402079067211,0.00012933386642749022,0.0,0.0,0.0,0.00012933386642749011,0.00012933386642749011,0.00012933386642749011,True,0.3655841014408539,0.3568666948836059,0.008717406557248
2025-01-17,2025-01-20,ml_big_up_index_enhancement,0.975,ADJUST,0.0170916032814574,0.016664313199420962,-0.000427290082036437,0.0,0.0,0.00042729008203643535,-0.0,-0.00042729008203643535,-0.00042729008203643535,True,0.3847008785038175,0.3619152171861831,0.0227856613176344
2025-01-20,2025-01-21,ml_big_up_index_enhancement,0.975,ADJUST,-0.0112750136832689,-0.010993138341187177,0.0002818753420817232,0.0,0.0,0.0,0.00028187534208172276,0.00028187534208172276,0.00028187534208172276,True,0.4386299864706373,0.3706830247333291,0.0679469617373081
2025-01-21,2025-01-22,ml_big_up_index_enhancement,0.975,ADJUST,-0.0108608184228859,-0.010589297962313752,0.0002715204605721472,0.0,0.0,0.0,0.0002715204605721477,0.0002715204605721477,0.0002715204605721477,True,0.5682848702101666,0.4429887305578973,0.1252961396522693
2025-01-22,2025-01-23,ml_big_up_index_enhancement,0.975,ADJUST,0.0027436527436528,0.0026750614250614798,-6.859131859132022e-05,0.0,0.0,6.859131859132005e-05,-0.0,-6.859131859132005e-05,-6.859131859132005e-05,True,0.5035765433302399,0.4342381704515815,0.0693383728786584
2025-01-23,2025-01-24,ml_big_up_index_enhancement,0.975,ADJUST,0.0091259307659845,0.008897782496834887,-0.00022814826914961325,0.0,0.0,0.0002281482691496127,-0.0,-0.0002281482691496127,-0.0002281482691496127,True,0.5935321151291907,0.4857248146139644,0.1078073005152263
2025-01-24,2025-01-27,ml_big_up_index_enhancement,0.975,ADJUST,-0.00075811329612,-0.000739160463717,1.8952832402999967e-05,0.0,0.0,0.0,1.8952832403000018e-05,1.8952832403000018e-05,1.8952832403000018e-05,True,0.6039266607641829,0.4710524653036263,0.1328741954605565
2025-01-27,2025-02-05,ml_big_up_index_enhancement,0.975,ADJUST,0.0223394604402011,0.021780973929196073,-0.0005584865110050269,0.0,0.0,0.000558486511005028,-0.0,-0.000558486511005028,-0.000558486511005028,True,0.5870872993663241,0.521188261023816,0.0658990383425081
2025-02-05,2025-02-06,ml_big_up_index_enhancement,0.975,ADJUST,0.0149082265944804,0.01453552092961839,-0.00037270566486201015,0.0,0.0,0.00037270566486201037,-0.0,-0.00037270566486201037,-0.00037270566486201037,True,0.5715494806238475,0.5384369090292676,0.0331125715945799
2025-02-06,2025-02-07,ml_big_up_index_enhancement,0.99,ADJUST,0.0107261348703471,0.010603873521643629,-0.00012226134870347086,0.015000000000000013,1.5000000000000014e-05,0.00010726134870347109,-0.0,-0.00010726134870347109,-0.0001222613487034711,True,0.2799703243276597,0.5353028798788516,-0.2553325555511919
2025-02-07,2025-02-10,ml_big_up_index_enhancement,0.99,ADJUST,0.0258382099650633,0.025579827865412668,-0.00025838209965063294,0.0,0.0,0.00025838209965063327,-0.0,-0.00025838209965063327,-0.00025838209965063327,True,0.259041671635584,0.4940917301749826,-0.2350500585393986
2025-02-10,2025-02-11,ml_big_up_index_enhancement,0.99,ADJUST,-0.0015334305426236,-0.001518096237197364,1.5334305426236046e-05,0.0,0.0,0.0,1.5334305426236015e-05,1.5334305426236015e-05,1.5334305426236015e-05,True,0.2595309470179281,0.5482949591040328,-0.2887640120861047
2025-02-11,2025-02-12,ml_big_up_index_enhancement,0.99,ADJUST,0.0040694547081505,0.004028760161068995,-4.069454708150507e-05,0.0,0.0,4.069454708150504e-05,-0.0,-4.069454708150504e-05,-4.069454708150504e-05,True,0.2152204275391614,0.6208183365737059,-0.4055979090345444
2025-02-12,2025-02-13,ml_big_up_index_enhancement,0.99,ADJUST,-0.0127496801940615,-0.012622183392120885,0.00012749680194061586,0.0,0.0,0.0,0.00012749680194061512,0.00012749680194061512,0.00012749680194061512,True,0.1313197039365396,0.6110223740521881,-0.4797026701156485
2025-02-13,2025-02-14,ml_big_up_index_enhancement,0.99,ADJUST,0.0013591366439467,0.001345545277507233,-1.3591366439466958e-05,0.0,0.0,1.359136643946701e-05,-0.0,-1.359136643946701e-05,-1.359136643946701e-05,True,0.1395056432099854,0.6446080390801708,-0.5051023958701855
2025-02-14,2025-02-17,ml_big_up_index_enhancement,0.99,ADJUST,0.025760691205964,0.02550308429390436,-0.0002576069120596401,0.0,0.0,0.00025760691205964023,-0.0,-0.00025760691205964023,-0.00025760691205964023,True,0.1329456499325516,0.63156846541142,-0.4986228154788683
2025-02-17,2025-02-18,ml_big_up_index_enhancement,0.99,ADJUST,-0.0242941465449778,-0.024051205079528022,0.0002429414654497794,0.0,0.0,0.0,0.00024294146544977824,0.00024294146544977824,0.00024294146544977824,True,0.2060983642037128,0.6291669847691032,-0.4230686205653903
2025-02-18,2025-02-19,ml_big_up_index_enhancement,0.99,ADJUST,0.0205699885637946,0.020364288678156654,-0.00020569988563794508,0.0,0.0,0.00020569988563794617,-0.0,-0.00020569988563794617,-0.00020569988563794617,True,0.2292788123838987,0.6303511576517351,-0.4010723452678364
2025-02-19,2025-02-20,ml_big_up_index_enhancement,0.99,ADJUST,0.0124651061319001,0.012340455070581098,-0.0001246510613190019,0.0,0.0,0.0001246510613190011,-0.0,-0.0001246510613190011,-0.0001246510613190011,True,0.1605109158555236,0.6690218137410586,-0.508510897885535
2025-02-20,2025-02-21,ml_big_up_index_enhancement,0.99,ADJUST,-0.0032811451686362,-0.003248333716949838,3.2811451686362136e-05,0.0,0.0,0.0,3.281145168636203e-05,3.281145168636203e-05,3.281145168636203e-05,True,0.1415130587027552,0.6836810304167489,-0.5421679717139937
2025-02-21,2025-02-24,ml_big_up_index_enhancement,0.99,ADJUST,0.012104045163541,0.011983004711905589,-0.0001210404516354107,0.0,0.0,0.0001210404516354101,-0.0,-0.0001210404516354101,-0.0001210404516354101,True,0.1599947701069502,0.6901331159757098,-0.5301383458687596
2025-02-24,2025-02-25,ml_big_up_index_enhancement,0.99,ADJUST,-0.0035317162684687,-0.003496399105784013,3.531716268468689e-05,0.0,0.0,0.0,3.531716268468703e-05,3.531716268468703e-05,3.531716268468703e-05,True,0.1467510741093207,0.6841201449657639,-0.5373690708564431
2025-02-25,2025-02-26,ml_big_up_index_enhancement,0.99,ADJUST,0.0145544983752552,0.014408953391502647,-0.00014554498375255256,0.0,0.0,0.00014554498375255213,-0.0,-0.00014554498375255213,-0.00014554498375255213,True,0.103375668207204,0.7122726101299512,-0.6088969419227472
2025-02-26,2025-02-27,ml_big_up_index_enhancement,0.99,ADJUST,-0.0016638615513528,-0.001647222935839272,1.6638615513527976e-05,0.0,0.0,0.0,1.6638615513528013e-05,1.6638615513528013e-05,1.6638615513528013e-05,True,0.1040497997198749,0.7160843101688907,-0.6120345104490158
2025-02-27,2025-02-28,ml_big_up_index_enhancement,0.99,ADJUST,-0.0256897414191163,-0.025432844004925136,0.000256897414191163,0.0,0.0,0.0,0.0002568974141911632,0.0002568974141911632,0.0002568974141911632,True,0.1178421467518638,0.7118172789996706,-0.5939751322478067
2025-02-28,2025-03-03,ml_big_up_index_enhancement,0.99,ADJUST,0.0067978851024126,0.006729906251388474,-6.797885102412596e-05,0.0,0.0,6.797885102412607e-05,-0.0,-6.797885102412607e-05,-6.797885102412607e-05,True,0.1701800124949785,0.6864140206851833,-0.5162340081902048
2025-03-03,2025-03-04,ml_big_up_index_enhancement,0.99,ADJUST,0.0167524762184956,0.016584951456310643,-0.00016752476218495627,0.0,0.0,0.00016752476218495613,-0.0,-0.00016752476218495613,-0.00016752476218495613,True,0.155668033690354,0.7128149361846573,-0.5571469024943032
2025-03-04,2025-03-05,ml_big_up_index_enhancement,0.99,ADJUST,-0.004031703853026,-0.0039913868144957395,4.031703853026036e-05,0.0,0.0,0.0,4.031703853026004e-05,4.031703853026004e-05,4.031703853026004e-05,True,0.1797407365072262,0.6746808177501736,-0.4949400812429474
2025-03-05,2025-03-06,ml_big_up_index_enhancement,0.99,ADJUST,0.0167901007406046,0.016622199733198555,-0.00016790100740604608,0.0,0.0,0.00016790100740604616,-0.0,-0.00016790100740604616,-0.00016790100740604616,True,0.1794591648887361,0.6734440923867405,-0.4939849274980044
2025-03-06,2025-03-07,ml_big_up_index_enhancement,0.99,ADJUST,-0.004631217021925,-0.00458490485170575,4.6312170219249896e-05,0.0,0.0,0.0,4.631217021925004e-05,4.631217021925004e-05,4.631217021925004e-05,True,0.1600798001667095,0.6614994665617485,-0.501419666395039
2025-03-07,2025-03-10,ml_big_up_index_enhancement,0.99,ADJUST,0.0153577127055171,0.01520413557846193,-0.00015357712705517043,0.0,0.0,0.00015357712705517114,-0.0,-0.00015357712705517114,-0.00015357712705517114,True,0.2083571992541717,0.3524873364553467,-0.1441301372011749
2025-03-10,2025-03-11,ml_big_up_index_enhancement,0.99,ADJUST,0.0067121999948167,0.006645077994868533,-6.712199994816665e-05,0.0,0.0,6.712199994816706e-05,-0.0,-6.712199994816706e-05,-6.712199994816706e-05,True,0.2080821432005889,0.3931891708678152,-0.1851070276672262
2025-03-11,2025-03-12,ml_big_up_index_enhancement,0.99,ADJUST,0.0049988298619236,0.004948841563304364,-4.998829861923605e-05,0.0,0.0,4.9988298619236045e-05,-0.0,-4.9988298619236045e-05,-4.9988298619236045e-05,True,0.2238978962894903,0.4253656714001506,-0.2014677751106602
2025-03-12,2025-03-13,ml_big_up_index_enhancement,0.99,ADJUST,-0.0071605547741688,-0.007088949226427112,7.16055477416877e-05,0.0,0.0,0.0,7.160554774168806e-05,7.160554774168806e-05,7.160554774168806e-05,True,0.2199285733505401,0.4040213840986181,-0.184092810748078
2025-03-13,2025-03-14,ml_big_up_index_enhancement,0.99,ADJUST,0.0198704853398881,0.01967178048648922,-0.00019870485339888028,0.0,0.0,0.00019870485339888117,-0.0,-0.00019870485339888117,-0.00019870485339888117,True,0.2018551369477132,0.3900419698017757,-0.1881868328540625
2025-03-14,2025-03-17,ml_big_up_index_enhancement,0.99,ADJUST,0.0103166043055609,0.01021343826250529,-0.00010316604305560945,0.0,0.0,0.00010316604305560908,-0.0,-0.00010316604305560908,-0.00010316604305560908,True,0.194422601792518,0.418508520727113,-0.2240859189345949
2025-03-17,2025-03-18,ml_big_up_index_enhancement,0.99,ADJUST,0.0086156073377205,0.008529451264343294,-8.615607337720578e-05,0.0,0.0,8.615607337720508e-05,-0.0,-8.615607337720508e-05,-8.615607337720508e-05,True,0.1696000392050322,0.4526701018662777,-0.2830700626612454
2025-03-18,2025-03-19,ml_big_up_index_enhancement,0.99,ADJUST,-0.0047189824510723,-0.004671792626561577,4.718982451072315e-05,0.0,0.0,0.0,4.718982451072304e-05,4.718982451072304e-05,4.718982451072304e-05,True,0.1355158700465486,0.4964565181984287,-0.36094064815188
2025-03-19,2025-03-20,ml_big_up_index_enhancement,0.99,ADJUST,0.0038774367195524,0.003838662352356876,-3.877436719552409e-05,0.0,0.0,3.877436719552403e-05,-0.0,-3.877436719552403e-05,-3.877436719552403e-05,True,0.1439468038617561,0.5227734447230025,-0.3788266408612464
2025-03-20,2025-03-21,ml_big_up_index_enhancement,0.99,ADJUST,-0.0127800001355249,-0.012652200134169652,0.00012780000135524834,0.0,0.0,0.0,0.00012780000135524913,0.00012780000135524913,0.00012780000135524913,True,0.111799255468168,0.5098093890376089,-0.3980101335694408
2025-03-21,2025-03-24,ml_big_up_index_enhancement,0.99,ADJUST,-0.0394906936039261,-0.03909578666788684,0.0003949069360392604,0.0,0.0,0.0,0.00039490693603926134,0.00039490693603926134,0.00039490693603926134,True,0.1455057287541457,0.4847260936946635,-0.3392203649405177
2025-03-24,2025-03-25,ml_big_up_index_enhancement,0.99,ADJUST,-0.0022772477697979,-0.0022544752920999208,2.277247769797916e-05,0.0,0.0,0.0,2.277247769797902e-05,2.277247769797902e-05,2.277247769797902e-05,True,0.2792819182280629,0.5206451398559221,-0.2413632216278591
2025-03-25,2025-03-26,ml_big_up_index_enhancement,0.99,ADJUST,0.023853465091238,0.02361493044032562,-0.0002385346509123816,0.0,0.0,0.00023853465091238022,-0.0,-0.00023853465091238022,-0.00023853465091238022,True,0.2390654499173687,0.5344136717482215,-0.2953482218308528
2025-03-26,2025-03-27,ml_big_up_index_enhancement,0.99,ADJUST,-0.0070515810092341,-0.0069810651991417585,7.051581009234146e-05,0.0,0.0,0.0,7.051581009234107e-05,7.051581009234107e-05,7.051581009234107e-05,True,0.2156983959767365,0.5348197483526227,-0.3191213523758861
2025-03-27,2025-03-28,ml_big_up_index_enhancement,0.99,ADJUST,-0.0223241963665056,-0.022100954402840545,0.0002232419636650565,0.0,0.0,0.0,0.0002232419636650562,0.0002232419636650562,0.0002232419636650562,True,0.2240880520978468,0.5526277299116437,-0.3285396778137969
2025-03-28,2025-03-31,ml_big_up_index_enhancement,0.99,ADJUST,-0.0125219187624606,-0.012396699574835994,0.00012521918762460615,0.0,0.0,0.0,0.0001252191876246061,0.0001252191876246061,0.0001252191876246061,True,0.2248430928784018,0.5256984147016038,-0.3008553218232019
2025-03-31,2025-04-01,ml_big_up_index_enhancement,0.99,ADJUST,0.0209536921942994,0.020744155272356405,-0.00020953692194299392,0.0,0.0,0.00020953692194299416,-0.0,-0.00020953692194299416,-0.00020953692194299416,True,0.3242318224596835,0.4776698155399837,-0.1534379930803001
2025-04-01,2025-04-02,ml_big_up_index_enhancement,0.99,ADJUST,0.0041671531124989,0.004125481581373911,-4.167153112498868e-05,0.0,0.0,4.1671531124989036e-05,-0.0,-4.1671531124989036e-05,-4.1671531124989036e-05,True,0.2832461281407975,0.480470419991018,-0.1972242918502205
2025-04-02,2025-04-03,ml_big_up_index_enhancement,0.99,ADJUST,0.0008826460399562,0.000873819579556638,-8.82646039956198e-06,0.0,0.0,8.826460399562007e-06,-0.0,-8.826460399562007e-06,-8.826460399562007e-06,True,0.2178622866742056,0.4928371331296037,-0.274974846455398
2025-04-03,2025-04-07,ml_big_up_index_enhancement,0.99,ADJUST,-0.130879117753039,-0.12957032657550863,0.0013087911775303829,0.0,0.0,0.0,0.0013087911775303913,0.0013087911775303913,0.0013087911775303913,True,0.2677710756980437,0.4832820944977803,-0.2155110187997366
2025-04-07,2025-04-08,ml_big_up_index_enhancement,0.975,ADJUST,0.0096502401649651,0.009393984160840974,-0.00025625600412412623,0.015000000000000013,1.5000000000000014e-05,0.0002412560041241277,-0.0,-0.0002412560041241277,-0.00025625600412412775,True,0.5684018548210398,0.3820404122860628,0.1863614425349769
2025-04-08,2025-04-09,ml_big_up_index_enhancement,0.975,ADJUST,0.0344741882586225,0.03361233355215694,-0.0008618547064655618,0.0,0.0,0.0008618547064655632,-0.0,-0.0008618547064655632,-0.0008618547064655632,True,0.5449000007929891,0.3358844660094508,0.2090155347835382
2025-04-09,2025-04-10,ml_big_up_index_enhancement,0.975,ADJUST,0.0359420456385373,0.035043494497573865,-0.0008985511409634328,0.0,0.0,0.0008985511409634332,-0.0,-0.0008985511409634332,-0.0008985511409634332,True,0.5516704206992713,0.3355406548307453,0.2161297658685259
2025-04-10,2025-04-11,ml_big_up_index_enhancement,0.975,ADJUST,0.0074694026746662,0.007282667607799545,-0.00018673506686665495,0.0,0.0,0.00018673506686665516,-0.0,-0.00018673506686665516,-0.00018673506686665516,True,0.5682742328458461,0.3026013524361641,0.2656728804096819
2025-04-11,2025-04-14,ml_big_up_index_enhancement,0.975,ADJUST,0.0268836576187043,0.026211566178236695,-0.0006720914404676065,0.0,0.0,0.0006720914404676081,-0.0,-0.0006720914404676081,-0.0006720914404676081,True,0.5461842987826003,0.2803348364557325,0.2658494623268678
2025-04-14,2025-04-15,ml_big_up_index_enhancement,0.975,ADJUST,0.0072077428409911,0.007027549269966323,-0.0001801935710247773,0.0,0.0,0.00018019357102477766,-0.0,-0.00018019357102477766,-0.00018019357102477766,True,0.5906084289372076,0.1924495917638864,0.398158837173321
2025-04-15,2025-04-16,ml_big_up_index_enhancement,0.975,ADJUST,-0.0199346800532236,-0.019436313051893007,0.0004983670013305914,0.0,0.0,0.0,0.0004983670013305904,0.0004983670013305904,0.0004983670013305904,True,0.6064784435383591,0.1588762502331332,0.4476021933052259
2025-04-16,2025-04-17,ml_big_up_index_enhancement,0.975,ADJUST,0.0125422724692059,0.012228715657475752,-0.00031355681173014793,0.0,0.0,0.00031355681173014777,-0.0,-0.00031355681173014777,-0.00031355681173014777,True,0.6181282447900024,0.2558772665998342,0.3622509781901681
2025-04-17,2025-04-18,ml_big_up_index_enhancement,0.975,ADJUST,-0.0010824225787497,-0.0010553620142809575,2.7060564468742556e-05,0.0,0.0,0.0,2.7060564468742525e-05,2.7060564468742525e-05,2.7060564468742525e-05,True,0.6398584272470175,0.1776981716528125,0.4621602555942049
2025-04-18,2025-04-21,ml_big_up_index_enhancement,0.975,ADJUST,0.0131568992573465,0.012827976775912837,-0.0003289224814336626,0.0,0.0,0.0003289224814336628,-0.0,-0.0003289224814336628,-0.0003289224814336628,True,0.6433861546238991,0.205585885381729,0.4378002692421701
2025-04-21,2025-04-22,ml_big_up_index_enhancement,0.975,ADJUST,0.0054391551724968,0.00530317629318438,-0.0001359788793124199,0.0,0.0,0.0001359788793124201,-0.0,-0.0001359788793124201,-0.0001359788793124201,True,0.6224745382697495,0.122095220509256,0.5003793177604935
2025-04-22,2025-04-23,ml_big_up_index_enhancement,0.975,ADJUST,0.007194606560676,0.007014741396659099,-0.0001798651640169003,0.0,0.0,0.00017986516401690016,-0.0,-0.00017986516401690016,-0.00017986516401690016,True,0.6218984344272381,0.1799595879012294,0.4419388465260087
2025-04-23,2025-04-24,ml_big_up_index_enhancement,1.0,ADJUST,-0.0078116265738025,-0.0078366265738025,-2.499999999999985e-05,0.025000000000000022,2.500000000000002e-05,0.0,0.0,-0.0,-2.500000000000002e-05,False,0.6037754106558151,0.19464049627067,0.409134914385145
2025-04-24,2025-04-25,ml_big_up_index_enhancement,0.975,ADJUST,-0.0007767642017189,-0.0007823450966759276,-5.580894957027578e-06,0.025000000000000022,2.500000000000002e-05,0.0,1.9419105042972518e-05,1.9419105042972518e-05,-5.580894957027504e-06,True,0.6185663590472494,0.2047634119598704,0.4138029470873789
2025-04-25,2025-04-28,ml_big_up_index_enhancement,0.975,ADJUST,-0.0125554534526897,-0.012241567116372457,0.0003138863363172425,0.0,0.0,0.0,0.00031388633631724276,0.00031388633631724276,0.00031388633631724276,True,0.57067802431335,0.1692029313993245,0.4014750929140255
2025-04-28,2025-04-29,ml_big_up_index_enhancement,1.0,ADJUST,0.0213044090990821,0.0212794090990821,-2.5000000000000716e-05,0.025000000000000022,2.500000000000002e-05,0.0,-0.0,0.0,-2.500000000000002e-05,False,0.6045582346564363,0.2152457581962607,0.3893124764601756
2025-04-29,2025-04-30,ml_big_up_index_enhancement,0.975,ADJUST,0.0135347325647234,0.013171364250605314,-0.0003633683141180868,0.025000000000000022,2.500000000000002e-05,0.0003383683141180853,-0.0,-0.0003383683141180853,-0.0003633683141180853,True,0.5470374015976034,0.2034472684185325,0.3435901331790709
2025-04-30,2025-05-06,ml_big_up_index_enhancement,0.975,ADJUST,0.0311139279133363,0.03033607971550289,-0.000777848197833407,0.0,0.0,0.0007778481978334081,-0.0,-0.0007778481978334081,-0.0007778481978334081,True,0.5230298155293834,0.2406157259487759,0.2824140895806074
2025-05-06,2025-05-07,ml_big_up_index_enhancement,0.975,ADJUST,0.0120836842943974,0.011781592187037464,-0.0003020921073599355,0.0,0.0,0.00030209210735993524,-0.0,-0.00030209210735993524,-0.00030209210735993524,True,0.5337667966059434,0.2419179190545676,0.2918488775513758
2025-05-07,2025-05-08,ml_big_up_index_enhancement,0.975,ADJUST,0.0173445379663412,0.016910924517182672,-0.0004336134491585292,0.0,0.0,0.0004336134491585304,-0.0,-0.0004336134491585304,-0.0004336134491585304,True,0.549602990888905,0.2751829082991507,0.2744200825897542
2025-05-08,2025-05-09,ml_big_up_index_enhancement,0.995,ADJUST,-0.0064383613132311,-0.006426169506664944,1.2191806566155816e-05,0.020000000000000018,2.000000000000002e-05,0.0,3.219180656615553e-05,3.219180656615553e-05,1.2191806566155511e-05,False,0.3082145721170509,0.4509176540558842,-0.1427030819388333
2025-05-09,2025-05-12,ml_big_up_index_enhancement,0.995,ADJUST,0.0098603177287666,0.009811016140122766,-4.930158864383319e-05,0.0,0.0,4.930158864383304e-05,-0.0,-4.930158864383304e-05,-4.930158864383304e-05,False,0.3089810150893226,0.3980678108874868,-0.0890867957981642
2025-05-12,2025-05-13,ml_big_up_index_enhancement,0.995,ADJUST,-0.0016504777350773,-0.0016422253464019136,8.252388675386406e-06,0.0,0.0,0.0,8.252388675386508e-06,8.252388675386508e-06,8.252388675386508e-06,False,0.2300235868395807,0.4091853780887235,-0.1791617912491427
2025-05-13,2025-05-14,ml_big_up_index_enhancement,0.995,ADJUST,-0.0020394694730707,-0.0020292721257053467,1.0197347365353479e-05,0.0,0.0,0.0,1.019734736535351e-05,1.019734736535351e-05,1.019734736535351e-05,False,0.2209800166324645,0.4092860034120704,-0.1883059867796059
2025-05-14,2025-05-15,ml_big_up_index_enhancement,0.995,ADJUST,0.0035498247204925,0.0035320755968900374,-1.774912360246253e-05,0.0,0.0,1.7749123602462516e-05,-0.0,-1.7749123602462516e-05,-1.7749123602462516e-05,False,0.2051025506205832,0.3982751786133897,-0.1931726279928065
2025-05-15,2025-05-16,ml_big_up_index_enhancement,0.995,ADJUST,0.006153303654075,0.0061225371358046244,-3.076651827037518e-05,0.0,0.0,3.0766518270375024e-05,-0.0,-3.0766518270375024e-05,-3.0766518270375024e-05,False,0.171958071928256,0.4302910022674418,-0.2583329303391858
2025-05-16,2025-05-19,ml_big_up_index_enhancement,0.995,ADJUST,0.0162836340059404,0.016202215835910697,-8.141817002970189e-05,0.0,0.0,8.141817002970207e-05,-0.0,-8.141817002970207e-05,-8.141817002970207e-05,False,0.1462394219601546,0.4339616898737556,-0.287722267913601
2025-05-19,2025-05-20,ml_big_up_index_enhancement,0.995,ADJUST,0.0173396326454955,0.017252934482268025,-8.669816322747631e-05,0.0,0.0,8.669816322747758e-05,-0.0,-8.669816322747758e-05,-8.669816322747758e-05,False,0.1619978006008851,0.4441174087849967,-0.2821196081841116
2025-05-20,2025-05-21,ml_big_up_index_enhancement,0.995,ADJUST,-0.0076629570073578,-0.007624642222321011,3.831478503678928e-05,0.0,0.0,0.0,3.831478503678903e-05,3.831478503678903e-05,3.831478503678903e-05,False,0.1446378667843747,0.4532305491361351,-0.3085926823517604
2025-05-21,2025-05-22,ml_big_up_index_enhancement,0.995,ADJUST,-0.014658599384279,-0.014585306387357605,7.329299692139524e-05,0.0,0.0,0.0,7.329299692139507e-05,7.329299692139507e-05,7.329299692139507e-05,False,0.14601917809969,0.4487948024482859,-0.3027756243485959
2025-05-22,2025-05-23,ml_big_up_index_enhancement,0.995,ADJUST,-0.0095270492797835,-0.009479414033384582,4.763524639891763e-05,0.0,0.0,0.0,4.763524639891754e-05,4.763524639891754e-05,4.763524639891754e-05,False,0.1843249491957169,0.4955408036220626,-0.3112158544263457
2025-05-23,2025-05-26,ml_big_up_index_enhancement,0.995,ADJUST,0.0127097046579645,0.012646156134674676,-6.354852328982301e-05,0.0,0.0,6.354852328982255e-05,-0.0,-6.354852328982255e-05,-6.354852328982255e-05,False,0.2898019003680153,0.4961554297134293,-0.206353529345414
2025-05-26,2025-05-27,ml_big_up_index_enhancement,0.995,ADJUST,0.0096232565272897,0.009575140244653252,-4.811628263644806e-05,0.0,0.0,4.8116282636448545e-05,-0.0,-4.8116282636448545e-05,-4.8116282636448545e-05,False,0.2213396903192853,0.5545673591109972,-0.3332276687917118
2025-05-27,2025-05-28,ml_big_up_index_enhancement,0.995,ADJUST,-0.0042576316442587,-0.0042363434860374066,2.128815822129322e-05,0.0,0.0,0.0,2.128815822129352e-05,2.128815822129352e-05,2.128815822129352e-05,False,0.1769952854575243,0.5778380394498346,-0.4008427539923103
2025-05-28,2025-05-29,ml_big_up_index_enhancement,0.995,ADJUST,0.0200663506701674,0.019966018916816562,-0.00010033175335083869,0.0,0.0,0.00010033175335083709,-0.0,-0.00010033175335083709,-0.00010033175335083709,False,0.2080934713506123,0.558924887359926,-0.3508314160093136
2025-05-29,2025-05-30,ml_big_up_index_enhancement,0.995,ADJUST,-0.0111112281329976,-0.011055671992332611,5.5556140664988346e-05,0.0,0.0,0.0,5.555614066498805e-05,5.555614066498805e-05,5.555614066498805e-05,False,0.2041360292486488,0.5673392437891684,-0.3632032145405196
2025-05-30,2025-06-03,ml_big_up_index_enhancement,0.995,ADJUST,0.0123990883336528,0.012337092891984536,-6.199544166826491e-05,0.0,0.0,6.199544166826406e-05,-0.0,-6.199544166826406e-05,-6.199544166826406e-05,False,0.1515128638700976,0.6072095647694925,-0.4556967008993948
2025-06-03,2025-06-04,ml_big_up_index_enhancement,0.995,ADJUST,0.0130509519431252,0.012985697183409573,-6.525475971562618e-05,0.0,0.0,6.525475971562606e-05,-0.0,-6.525475971562606e-05,-6.525475971562606e-05,False,0.141796652272718,0.6261070200332077,-0.4843103677604897
2025-06-04,2025-06-05,ml_big_up_index_enhancement,0.995,ADJUST,0.0011422779930798,0.001136566603114401,-5.711389965398989e-06,0.0,0.0,5.711389965399005e-06,-0.0,-5.711389965399005e-06,-5.711389965399005e-06,False,0.1113090253413984,0.6117071773080044,-0.5003981519666059
2025-06-05,2025-06-06,ml_big_up_index_enhancement,0.995,ADJUST,0.0101940901660431,0.010143119715212884,-5.097045083021605e-05,0.0,0.0,5.097045083021555e-05,-0.0,-5.097045083021555e-05,-5.097045083021555e-05,False,0.1037325331702369,0.6331263836106172,-0.5293938504403802
2025-06-06,2025-06-09,ml_big_up_index_enhancement,0.995,ADJUST,0.0139457612360818,0.01387603242990139,-6.972880618040869e-05,0.0,0.0,6.972880618040906e-05,-0.0,-6.972880618040906e-05,-6.972880618040906e-05,False,0.0772788339560345,0.5387661908320979,-0.4614873568760633
2025-06-09,2025-06-10,ml_big_up_index_enhancement,0.995,ADJUST,-0.0080405226137166,-0.008000320000648016,4.0202613068583345e-05,0.0,0.0,0.0,4.0202613068583034e-05,4.0202613068583034e-05,4.0202613068583034e-05,False,0.0868593951349418,0.5497827937425424,-0.4629233986076005
2025-06-10,2025-06-11,ml_big_up_index_enhancement,0.995,ADJUST,0.0076912240010289,0.007652767881023755,-3.845612000514479e-05,0.0,0.0,3.845612000514453e-05,-0.0,-3.845612000514453e-05,-3.845612000514453e-05,False,0.0964772721054202,0.5498528516828712,-0.453375579577451
2025-06-11,2025-06-12,ml_big_up_index_enhancement,0.995,ADJUST,0.002909556556025,0.002895008773244875,-1.4547782780125178e-05,0.0,0.0,1.4547782780125014e-05,-0.0,-1.4547782780125014e-05,-1.4547782780125014e-05,False,0.0622250335340829,0.5861263123628907,-0.5239012788288078
2025-06-12,2025-06-13,ml_big_up_index_enhancement,0.995,ADJUST,-0.016537975118287,-0.016455285242695565,8.268987559143653e-05,0.0,0.0,0.0,8.268987559143508e-05,8.268987559143508e-05,8.268987559143508e-05,False,0.0530216329273384,0.5763804189169068,-0.5233587859895683
2025-06-13,2025-06-16,ml_big_up_index_enhancement,0.995,ADJUST,0.0136155597005727,0.013547481902069836,-6.807779850286425e-05,0.0,0.0,6.807779850286355e-05,-0.0,-6.807779850286355e-05,-6.807779850286355e-05,False,0.0921771794435481,0.5750732114449362,-0.482896032001388
2025-06-16,2025-06-17,ml_big_up_index_enhancement,0.995,ADJUST,-0.0029143292584066,-0.002899757612114567,1.4571646292033027e-05,0.0,0.0,0.0,1.4571646292033013e-05,1.4571646292033013e-05,1.4571646292033013e-05,False,0.094141041139212,0.5743899149913572,-0.4802488738521451
2025-06-17,2025-06-18,ml_big_up_index_enhancement,0.995,ADJUST,-0.005878216046798,-0.00584882496656401,2.939108023398973e-05,0.0,0.0,0.0,2.9391080233990025e-05,2.9391080233990025e-05,2.9391080233990025e-05,False,0.0782179276407497,0.5936660831331657,-0.515448155492416
2025-06-18,2025-06-19,ml_big_up_index_enhancement,0.995,ADJUST,-0.0226950238604439,-0.02258154874114168,0.00011347511930221918,0.0,0.0,0.0,0.00011347511930221959,0.00011347511930221959,0.00011347511930221959,False,0.0706634182718448,0.5994603693592325,-0.5287969510873878
2025-06-19,2025-06-20,ml_big_up_index_enhancement,0.995,ADJUST,-0.0027008707222265,-0.0026873663686153675,1.3504353611132683e-05,0.0,0.0,0.0,1.3504353611132513e-05,1.3504353611132513e-05,1.3504353611132513e-05,False,0.1314160542172412,0.6718015548051585,-0.5403855005879172
2025-06-20,2025-06-23,ml_big_up_index_enhancement,0.995,ADJUST,0.0253407257768463,0.02521402214796207,-0.00012670362888423173,0.0,0.0,0.00012670362888423162,-0.0,-0.00012670362888423162,-0.00012670362888423162,False,0.119162596973341,0.6980119389313731,-0.5788493419580321
2025-06-23,2025-06-24,ml_big_up_index_enhancement,0.995,ADJUST,0.0265537058367415,0.02642093730755779,-0.00013276852918370913,0.0,0.0,0.0001327685291837076,-0.0,-0.0001327685291837076,-0.0001327685291837076,False,0.130604735391254,0.6422154859063779,-0.5116107505151238
2025-06-24,2025-06-25,ml_big_up_index_enhancement,0.995,ADJUST,0.0057497379235573,0.005720989233939513,-2.8748689617786802e-05,0.0,0.0,2.8748689617786524e-05,-0.0,-2.8748689617786524e-05,-2.8748689617786524e-05,False,0.1812603618646282,0.5552478365345713,-0.3739874746699431
2025-06-25,2025-06-26,ml_big_up_index_enhancement,0.995,ADJUST,0.0020549017431987,0.0020446272344827065,-1.0274508715993596e-05,0.0,0.0,1.027450871599351e-05,-0.0,-1.027450871599351e-05,-1.027450871599351e-05,False,0.1563928953633326,0.5866327857349012,-0.4302398903715685
2025-06-26,2025-06-27,ml_big_up_index_enhancement,0.995,ADJUST,0.0085250868131085,0.008482461379042957,-4.2625434065543186e-05,0.0,0.0,4.2625434065542535e-05,-0.0,-4.2625434065542535e-05,-4.2625434065542535e-05,False,0.1279521526425915,0.5927320572149258,-0.4647799045723343
2025-06-27,2025-06-30,ml_big_up_index_enhancement,0.995,ADJUST,0.0153766213394248,0.015299738232727676,-7.68831066971249e-05,0.0,0.0,7.688310669712407e-05,-0.0,-7.688310669712407e-05,-7.688310669712407e-05,False,0.1019211380787722,0.5780769598671072,-0.4761558217883349
2025-06-30,2025-07-01,ml_big_up_index_enhancement,0.995,ADJUST,0.006206586242389,0.006175553311177056,-3.103293121194464e-05,0.0,0.0,3.103293121194503e-05,-0.0,-3.103293121194503e-05,-3.103293121194503e-05,False,0.1059554578319803,0.6007373904438507,-0.4947819326118703
2025-07-01,2025-07-02,ml_big_up_index_enhancement,0.995,ADJUST,0.0024891997136555,0.0024767537150872224,-1.2445998568277362e-05,0.0,0.0,1.244599856827751e-05,-0.0,-1.244599856827751e-05,-1.244599856827751e-05,False,0.1021796044170175,0.6247162465489514,-0.522536642131934
2025-07-02,2025-07-03,ml_big_up_index_enhancement,0.995,ADJUST,0.0064229211177222,0.006390806512133589,-3.211460558861113e-05,0.0,0.0,3.211460558861103e-05,-0.0,-3.211460558861103e-05,-3.211460558861103e-05,False,0.1064112255042268,0.621444466031667,-0.5150332405274403
2025-07-03,2025-07-04,ml_big_up_index_enhancement,0.995,ADJUST,-0.0117594915760419,-0.011700694118161692,5.8797457880208764e-05,0.0,0.0,0.0,5.879745788020956e-05,5.879745788020956e-05,5.879745788020956e-05,False,0.0702925747444503,0.6056261411374476,-0.5353335663929972
2025-07-04,2025-07-07,ml_big_up_index_enhancement,0.995,ADJUST,0.0166730507525201,0.0165896854987575,-8.336525376259965e-05,0.0,0.0,8.336525376260057e-05,-0.0,-8.336525376260057e-05,-8.336525376260057e-05,False,0.2422824737828728,0.5903533439013318,-0.3480708701184589
2025-07-07,2025-07-08,ml_big_up_index_enhancement,0.995,ADJUST,0.0080615998621689,0.008021291862858056,-4.0307999310843987e-05,0.0,0.0,4.0307999310844535e-05,-0.0,-4.0307999310844535e-05,-4.0307999310844535e-05,False,0.1338646772613838,0.6328152229579489,-0.498950545696565
2025-07-08,2025-07-09,ml_big_up_index_enhancement,0.995,ADJUST,0.001250842816387,0.001244588602305065,-6.25421408193493e-06,0.0,0.0,6.254214081935005e-06,-0.0,-6.254214081935005e-06,-6.254214081935005e-06,False,0.124403564528716,0.6160279263275329,-0.4916243617988168
2025-07-09,2025-07-10,ml_big_up_index_enhancement,0.995,ADJUST,0.0037478404898079,0.0037291012873588605,-1.873920244903956e-05,0.0,0.0,1.8739202449039518e-05,-0.0,-1.8739202449039518e-05,-1.8739202449039518e-05,False,0.1288698556623679,0.5955042291892375,-0.4666343735268695
2025-07-10,2025-07-11,ml_big_up_index_enhancement,0.995,ADJUST,0.000194354379047,0.00019338260715176498,-9.717718952350143e-07,0.0,0.0,9.717718952350008e-07,-0.0,-9.717718952350008e-07,-9.717718952350008e-07,False,0.1250616883729881,0.6051268448225952,-0.480065156449607
2025-07-11,2025-07-14,ml_big_up_index_enhancement,0.995,ADJUST,0.0132845299686663,0.013218107318822968,-6.642264984333193e-05,0.0,0.0,6.642264984333155e-05,-0.0,-6.642264984333155e-05,-6.642264984333155e-05,False,0.0988647461949666,0.5778972135795775,-0.4790324673846108
2025-07-14,2025-07-15,ml_big_up_index_enhancement,0.995,ADJUST,-0.0143789909628834,-0.014307096008068983,7.18949548144162e-05,0.0,0.0,0.0,7.189495481441707e-05,7.189495481441707e-05,7.189495481441707e-05,False,0.0822235439556105,0.5954371562101108,-0.5132136122545004
2025-07-15,2025-07-16,ml_big_up_index_enhancement,0.995,ADJUST,0.0125532953803499,0.01249052890344815,-6.276647690174955e-05,0.0,0.0,6.276647690174955e-05,-0.0,-6.276647690174955e-05,-6.276647690174955e-05,False,0.2137133211738382,0.5932174715801395,-0.3795041504063012
2025-07-16,2025-07-17,ml_big_up_index_enhancement,0.995,ADJUST,0.007595647699411,0.007557669460913945,-3.7978238497054714e-05,0.0,0.0,3.797823849705503e-05,-0.0,-3.797823849705503e-05,-3.797823849705503e-05,False,0.1237558697319194,0.6182843769511815,-0.494528507219262
2025-07-17,2025-07-18,ml_big_up_index_enhancement,0.995,ADJUST,0.0044724228099064,0.004450060695856868,-2.23621140495317e-05,0.0,0.0,2.236211404953202e-05,-0.0,-2.236211404953202e-05,-2.236211404953202e-05,False,0.0821472183638849,0.6602826488625285,-0.5781354304986436
2025-07-18,2025-07-21,ml_big_up_index_enhancement,0.995,ADJUST,0.0186151034811354,0.018522027963729724,-9.307551740567535e-05,0.0,0.0,9.307551740567709e-05,-0.0,-9.307551740567709e-05,-9.307551740567709e-05,False,0.0566520025443992,0.6703366463044892,-0.6136846437600899
2025-07-21,2025-07-22,ml_big_up_index_enhancement,0.995,ADJUST,0.0003960729634502,0.000394092598632949,-1.9803648172510117e-06,0.0,0.0,1.980364817251002e-06,-0.0,-1.980364817251002e-06,-1.980364817251002e-06,False,0.0787800426416085,0.6831137042216174,-0.6043336615800089
2025-07-22,2025-07-23,ml_big_up_index_enhancement,0.995,ADJUST,-0.0033393108909187,-0.003322614336464107,1.669655445459342e-05,0.0,0.0,0.0,1.6696554454593516e-05,1.6696554454593516e-05,1.6696554454593516e-05,False,0.0562725764678797,0.6414227979934375,-0.5851502215255577
2025-07-23,2025-07-24,ml_big_up_index_enhancement,0.995,ADJUST,0.0130407038924387,0.012975500372976507,-6.520351946219353e-05,0.0,0.0,6.520351946219356e-05,-0.0,-6.520351946219356e-05,-6.520351946219356e-05,False,0.0767759410785471,0.670894478605936,-0.5941185375273889
2025-07-24,2025-07-25,ml_big_up_index_enhancement,0.995,ADJUST,0.0064940825777604,0.006461612164871598,-3.247041288880186e-05,0.0,0.0,3.247041288880203e-05,-0.0,-3.247041288880203e-05,-3.247041288880203e-05,False,0.0436754024400896,0.7008545689933582,-0.6571791665532685
2025-07-25,2025-07-28,ml_big_up_index_enhancement,0.995,ADJUST,0.0103464081092992,0.010294676068752704,-5.1732040546495495e-05,0.0,0.0,5.1732040546496044e-05,-0.0,-5.1732040546496044e-05,-5.1732040546496044e-05,False,0.0438272248650376,0.7101800599913258,-0.6663528351262882
2025-07-28,2025-07-29,ml_big_up_index_enhancement,0.995,ADJUST,-0.0030534670810076,-0.003038199745602562,1.5267335405038177e-05,0.0,0.0,0.0,1.5267335405038014e-05,1.5267335405038014e-05,1.5267335405038014e-05,False,0.04309096404466,0.7097891761905705,-0.6666982121459104
2025-07-29,2025-07-30,ml_big_up_index_enhancement,0.995,ADJUST,-0.0006073133124127,-0.0006042767458506365,3.0365665620635295e-06,0.0,0.0,0.0,3.036566562063503e-06,3.036566562063503e-06,3.036566562063503e-06,False,0.0670307638672138,0.7027149639317903,-0.6356842000645765
2025-07-30,2025-07-31,ml_big_up_index_enhancement,0.995,ADJUST,-0.0135196192090671,-0.013452021113021765,6.759809604533519e-05,0.0,0.0,0.0,6.759809604533556e-05,6.759809604533556e-05,6.759809604533556e-05,False,0.0969930317668544,0.6729549803194704,-0.575961948552616
2025-07-31,2025-08-01,ml_big_up_index_enhancement,0.995,ADJUST,0.0172855768309005,0.017199148946746,-8.642788415450312e-05,0.0,0.0,8.642788415450259e-05,-0.0,-8.642788415450259e-05,-8.642788415450259e-05,False,0.2324662994496559,0.5689817796788569,-0.3365154802292009
2025-08-01,2025-08-04,ml_big_up_index_enhancement,0.995,ADJUST,0.0145487479909744,0.014476004251019529,-7.27437399548718e-05,0.0,0.0,7.274373995487207e-05,-0.0,-7.274373995487207e-05,-7.274373995487207e-05,False,0.702827371894086,0.1797552623177343,0.5230721095763516
2025-08-04,2025-08-05,ml_big_up_index_enhancement,0.995,ADJUST,0.0134508476442096,0.013383593405988553,-6.725423822104802e-05,0.0,0.0,6.725423822104806e-05,-0.0,-6.725423822104806e-05,-6.725423822104806e-05,False,0.6805974363036327,0.1996191999841131,0.4809782363195196
2025-08-05,2025-08-06,ml_big_up_index_enhancement,0.995,ADJUST,0.0062169464830039,0.00618586175058888,-3.1084732415019925e-05,0.0,0.0,3.1084732415019525e-05,-0.0,-3.1084732415019525e-05,-3.1084732415019525e-05,False,0.663932476149601,0.2000204585658042,0.4639120175837967
2025-08-06,2025-08-07,ml_big_up_index_enhancement,0.995,ADJUST,-0.0001619272036015,-0.0001611175675834925,8.096360180074918e-07,0.0,0.0,0.0,8.096360180075007e-07,8.096360180075007e-07,8.096360180075007e-07,False,0.6609406612193064,0.2102569466528278,0.4506837145664785
2025-08-07,2025-08-08,ml_big_up_index_enhancement,0.995,ADJUST,0.0097425109192037,0.009693798364607683,-4.871255459601778e-05,0.0,0.0,4.871255459601855e-05,-0.0,-4.871255459601855e-05,-4.871255459601855e-05,False,0.6670504773730069,0.172400831633143,0.4946496457398639
2025-08-08,2025-08-11,ml_big_up_index_enhancement,0.995,ADJUST,0.0169162191874199,0.0168316380914828,-8.458109593709878e-05,0.0,0.0,8.458109593709957e-05,-0.0,-8.458109593709957e-05,-8.458109593709957e-05,False,0.658435197686356,0.2200872088636982,0.4383479888226578
2025-08-11,2025-08-12,ml_big_up_index_enhancement,0.995,ADJUST,-0.0032119580128905,-0.0031958982228260475,1.6059790064452354e-05,0.0,0.0,0.0,1.6059790064452513e-05,1.6059790064452513e-05,1.6059790064452513e-05,False,0.6408944223338291,0.2739297477955514,0.3669646745382777
2025-08-12,2025-08-13,ml_big_up_index_enhancement,0.995,ADJUST,-0.0028728811883146,-0.002858516782373027,1.4364405941573108e-05,0.0,0.0,0.0,1.4364405941573013e-05,1.4364405941573013e-05,1.4364405941573013e-05,False,0.5488498347611458,0.2702373250545125,0.2786125097066332
2025-08-13,2025-08-14,ml_big_up_index_enhancement,0.995,ADJUST,-0.0254857719041596,-0.0253583430446388,0.00012742885952079716,0.0,0.0,0.0,0.0001274288595207981,0.0001274288595207981,0.0001274288595207981,False,0.6020444320471302,0.257369545007898,0.3446748870392322
2025-08-14,2025-08-15,ml_big_up_index_enhancement,0.995,ADJUST,0.0086320513886084,0.008588891131665359,-4.3160256943041916e-05,0.0,0.0,4.316025694304204e-05,-0.0,-4.316025694304204e-05,-4.316025694304204e-05,False,0.8513245133460369,0.1804143654468641,0.6709101478991728
2025-08-15,2025-08-18,ml_big_up_index_enhancement,0.995,ADJUST,0.0097875002522553,0.009738562750994023,-4.8937501261276176e-05,0.0,0.0,4.893750126127654e-05,-0.0,-4.893750126127654e-05,-4.893750126127654e-05,False,0.8711599848471652,0.2293160854637904,0.6418438993833747
2025-08-18,2025-08-19,ml_big_up_index_enhancement,0.995,ADJUST,0.0155864876027551,0.015508555164741325,-7.79324380137756e-05,0.0,0.0,7.793243801377557e-05,-0.0,-7.793243801377557e-05,-7.793243801377557e-05,False,0.8489807260943526,0.2416047044333746,0.6073760216609779
2025-08-19,2025-08-20,ml_big_up_index_enhancement,0.995,ADJUST,0.007426842567008,0.00738970835417296,-3.713421283503982e-05,0.0,0.0,3.713421283504003e-05,-0.0,-3.713421283504003e-05,-3.713421283504003e-05,False,0.8342668655696893,0.2653337475156651,0.5689331180540242
2025-08-20,2025-08-21,ml_big_up_index_enhancement,0.995,ADJUST,0.0057492219342909,0.005720475824619446,-2.874610967145471e-05,0.0,0.0,2.8746109671454527e-05,-0.0,-2.8746109671454527e-05,-2.8746109671454527e-05,False,0.8111377196340235,0.292196846888926,0.5189408727450975
2025-08-21,2025-08-22,ml_big_up_index_enhancement,0.995,ADJUST,-0.0044847186166804,-0.004462295023596997,2.2423593083402416e-05,0.0,0.0,0.0,2.242359308340202e-05,2.242359308340202e-05,2.242359308340202e-05,False,0.7961262591163898,0.2202223867973183,0.5759038723190715
2025-08-22,2025-08-25,ml_big_up_index_enhancement,0.995,ADJUST,0.0026580827663569,0.0026447923525251154,-1.3290413831784382e-05,0.0,0.0,1.329041383178451e-05,-0.0,-1.329041383178451e-05,-1.329041383178451e-05,False,0.8228552838996392,0.2543137794834911,0.5685415044161481
2025-08-25,2025-08-26,ml_big_up_index_enhancement,0.995,ADJUST,0.0095404870772124,0.009492784641826338,-4.770243538606243e-05,0.0,0.0,4.770243538606204e-05,-0.0,-4.770243538606204e-05,-4.770243538606204e-05,False,0.8256361556343191,0.244142656660249,0.5814934989740701
2025-08-26,2025-08-27,ml_big_up_index_enhancement,0.995,ADJUST,-0.0366240299121138,-0.03644090976255323,0.00018312014956056721,0.0,0.0,0.0,0.00018312014956056914,0.00018312014956056914,0.00018312014956056914,False,0.8051278672089213,0.2413821547101358,0.5637457124987855
2025-08-27,2025-08-28,ml_big_up_index_enhancement,0.995,ADJUST,-0.0041128936799478,-0.004092329211548061,2.056446839973896e-05,0.0,0.0,0.0,2.0564468399739017e-05,2.0564468399739017e-05,2.0564468399739017e-05,False,0.7367392520534862,0.3184146727371233,0.4183245793163629
2025-08-28,2025-08-29,ml_big_up_index_enhancement,0.995,ADJUST,-0.0072101300066627,-0.0071740793566293865,3.605065003331378e-05,0.0,0.0,0.0,3.6050650033313535e-05,3.6050650033313535e-05,3.6050650033313535e-05,False,0.7144990084042985,0.3328042903191693,0.3816947180851291
2025-08-29,2025-09-01,ml_big_up_index_enhancement,0.995,ADJUST,0.0128741904098661,0.012809819457816769,-6.437095204933109e-05,0.0,0.0,6.437095204933056e-05,-0.0,-6.437095204933056e-05,-6.437095204933056e-05,False,0.5807437849357789,0.2504955482113336,0.3302482367244453
2025-09-01,2025-09-02,ml_big_up_index_enhancement,0.995,ADJUST,-0.0091512647290911,-0.009105508405445644,4.575632364545515e-05,0.0,0.0,0.0,4.5756323645455535e-05,4.5756323645455535e-05,4.5756323645455535e-05,False,0.6057547949742417,0.2468942895491797,0.358860505425062
2025-09-02,2025-09-03,ml_big_up_index_enhancement,0.995,ADJUST,-0.025995278778867,-0.025865302384972665,0.0001299763938943342,0.0,0.0,0.0,0.0001299763938943351,0.0001299763938943351,0.0001299763938943351,False,0.5961238415024853,0.2572320375279449,0.3388918039745404
2025-09-03,2025-09-04,ml_big_up_index_enhancement,0.995,ADJUST,0.0095685278750001,0.0095206852356251,-4.784263937500019e-05,0.0,0.0,4.784263937500054e-05,-0.0,-4.784263937500054e-05,-4.784263937500054e-05,False,0.538918739901363,0.256003420587724,0.2829153193136389
2025-09-04,2025-09-05,ml_big_up_index_enhancement,0.995,ADJUST,0.0159587192017223,0.015878925605713686,-7.979359600861213e-05,0.0,0.0,7.979359600861156e-05,-0.0,-7.979359600861156e-05,-7.979359600861156e-05,False,0.5487814606367957,0.2350731251081799,0.3137083355286157
2025-09-05,2025-09-08,ml_big_up_index_enhancement,0.995,ADJUST,0.0199512277161117,0.01985147157753114,-9.975613858055968e-05,0.0,0.0,9.975613858055858e-05,-0.0,-9.975613858055858e-05,-9.975613858055858e-05,False,0.4916916781167277,0.2259248201656389,0.2657668579510888
2025-09-08,2025-09-09,ml_big_up_index_enhancement,0.995,ADJUST,-0.0046004455341877,-0.004577443306516761,2.300222767093879e-05,0.0,0.0,0.0,2.300222767093852e-05,2.300222767093852e-05,2.300222767093852e-05,False,0.5473176250505404,0.2338529414085499,0.3134646836419904
2025-09-09,2025-09-10,ml_big_up_index_enhancement,0.995,ADJUST,0.0062285376354418,0.006197394947264591,-3.114268817720929e-05,0.0,0.0,3.1142688177209026e-05,-0.0,-3.1142688177209026e-05,-3.1142688177209026e-05,False,0.5620909095605645,0.2235714852916956,0.3385194242688689
2025-09-10,2025-09-11,ml_big_up_index_enhancement,0.995,ADJUST,0.0073934079972606,0.007356440957274297,-3.696703998630306e-05,0.0,0.0,3.696703998630303e-05,-0.0,-3.696703998630303e-05,-3.696703998630303e-05,False,0.547206954073435,0.2208630159812055,0.3263439380922295
2025-09-11,2025-09-12,ml_big_up_index_enhancement,0.995,ADJUST,-0.0037177819467777,-0.0036991930370438115,1.858890973388842e-05,0.0,0.0,0.0,1.8588909733888518e-05,1.8588909733888518e-05,1.8588909733888518e-05,False,0.5541262956184454,0.1907461888889456,0.3633801067294998
2025-09-12,2025-09-15,ml_big_up_index_enhancement,0.995,ADJUST,0.000616748325676,0.00061366458404762,-3.0837416283799888e-06,0.0,0.0,3.0837416283800027e-06,-0.0,-3.0837416283800027e-06,-3.0837416283800027e-06,False,0.5471967238511187,0.1932619600997743,0.3539347637513443
2025-09-15,2025-09-16,ml_big_up_index_enhancement,0.995,ADJUST,0.0152944551452809,0.015217982869554496,-7.647227572640455e-05,0.0,0.0,7.647227572640457e-05,-0.0,-7.647227572640457e-05,-7.647227572640457e-05,False,0.545282991655411,0.2083435427325821,0.3369394489228289
2025-09-16,2025-09-17,ml_big_up_index_enhancement,0.995,ADJUST,-0.0012303121796062,-0.001224160618708169,6.151560898030959e-06,0.0,0.0,0.0,6.1515608980310056e-06,6.1515608980310056e-06,6.1515608980310056e-06,False,0.5244711028479826,0.1375984211306414,0.3868726817173411
2025-09-17,2025-09-18,ml_big_up_index_enhancement,0.995,ADJUST,-0.0201408680667256,-0.02004016372639197,0.0001007043403336294,0.0,0.0,0.0,0.00010070434033362809,0.00010070434033362809,0.00010070434033362809,False,0.5319722830573113,0.1563523078337531,0.3756199752235581
2025-09-18,2025-09-19,ml_big_up_index_enhancement,0.995,ADJUST,-0.0083694364612446,-0.008327589278938377,4.184718230622331e-05,0.0,0.0,0.0,4.184718230622304e-05,4.184718230622304e-05,4.184718230622304e-05,False,0.5279397428985224,0.2359782034734338,0.2919615394250886
2025-09-19,2025-09-22,ml_big_up_index_enhancement,0.995,ADJUST,-0.0064752163257971,-0.006442840244168115,3.237608162898545e-05,0.0,0.0,0.0,3.237608162898553e-05,3.237608162898553e-05,3.237608162898553e-05,False,0.5315652669643175,0.2550515846041385,0.276513682360179
2025-09-22,2025-09-23,ml_big_up_index_enhancement,0.995,ADJUST,-0.0130214394920029,-0.012956332294542884,6.510719746001536e-05,0.0,0.0,0.0,6.510719746001455e-05,6.510719746001455e-05,6.510719746001455e-05,False,0.5134109768991559,0.2528647391598435,0.2605462377393124
2025-09-23,2025-09-24,ml_big_up_index_enhancement,0.995,ADJUST,0.0215458955230209,0.021438166045405795,-0.00010772947761510457,0.0,0.0,0.0001077294776151046,-0.0,-0.0001077294776151046,-0.0001077294776151046,False,0.5523380240776332,0.2892664099267564,0.2630716141508768
2025-09-24,2025-09-25,ml_big_up_index_enhancement,0.995,ADJUST,-0.0090567554460114,-0.009011471668781343,4.5283777230056485e-05,0.0,0.0,0.0,4.5283777230057034e-05,4.5283777230057034e-05,4.5283777230057034e-05,False,0.5691350725847522,0.2488002644601047,0.3203348081246474
2025-09-25,2025-09-26,ml_big_up_index_enhancement,0.995,ADJUST,0.0039001808463743,0.0038806799421424285,-1.9500904231871657e-05,0.0,0.0,1.9500904231871518e-05,-0.0,-1.9500904231871518e-05,-1.9500904231871518e-05,False,0.571908058476996,0.2582721160613821,0.3136359424156139
2025-09-26,2025-09-29,ml_big_up_index_enhancement,0.995,ADJUST,0.0133463335147572,0.013279601847183414,-6.673166757378661e-05,0.0,0.0,6.673166757378607e-05,-0.0,-6.673166757378607e-05,-6.673166757378607e-05,False,0.2804527012895149,0.4784237243608549,-0.19797102307134
2025-09-29,2025-09-30,ml_big_up_index_enhancement,0.995,ADJUST,0.000181231053117,0.00018032489785141498,-9.061552655850106e-07,0.0,0.0,9.061552655850007e-07,-0.0,-9.061552655850007e-07,-9.061552655850007e-07,False,0.2380929377015246,0.5429396482681796,-0.304846710566655
2025-09-30,2025-10-09,ml_big_up_index_enhancement,0.995,ADJUST,-0.0004035778411055,-0.0004015599518999725,2.017889205527506e-06,0.0,0.0,0.0,2.017889205527502e-06,2.017889205527502e-06,2.017889205527502e-06,False,0.1993136357247921,0.5011605502248475,-0.3018469145000553
2025-10-09,2025-10-10,ml_big_up_index_enhancement,0.995,ADJUST,0.0081605075598403,0.008119705022041098,-4.0802537799202246e-05,0.0,0.0,4.0802537799201534e-05,-0.0,-4.0802537799201534e-05,-4.0802537799201534e-05,False,0.2138882655701274,0.3985288796454567,-0.1846406140753293
2025-10-10,2025-10-13,ml_big_up_index_enhancement,0.995,ADJUST,-0.0010886319688384,-0.001083188808994208,5.443159844192077e-06,0.0,0.0,0.0,5.443159844192005e-06,5.443159844192005e-06,5.443159844192005e-06,False,0.2344368043297752,0.3402754881849823,-0.105838683855207
2025-10-13,2025-10-14,ml_big_up_index_enhancement,0.995,ADJUST,-0.0027670914121984,-0.002753255955137408,1.3835457060992155e-05,0.0,0.0,0.0,1.3835457060992012e-05,1.3835457060992012e-05,1.3835457060992012e-05,False,0.2655415112310871,0.3250290720798626,-0.0594875608487754
2025-10-14,2025-10-15,ml_big_up_index_enhancement,0.995,ADJUST,0.0100242853861047,0.009974163959174175,-5.012142693052411e-05,0.0,0.0,5.0121426930523544e-05,-0.0,-5.0121426930523544e-05,-5.0121426930523544e-05,False,0.2569257674672474,0.3892716189442228,-0.1323458514769754
2025-10-15,2025-10-16,ml_big_up_index_enhancement,0.995,ADJUST,-0.0115039258913878,-0.011446406261930862,5.751962945693863e-05,0.0,0.0,0.0,5.7519629456939055e-05,5.7519629456939055e-05,5.7519629456939055e-05,False,0.2096423067743539,0.3489172652082886,-0.1392749584339347
2025-10-16,2025-10-17,ml_big_up_index_enhancement,0.995,ADJUST,-0.01105928526349,-0.01100398883717255,5.529642631744991e-05,0.0,0.0,0.0,5.5296426317450045e-05,5.5296426317450045e-05,5.5296426317450045e-05,False,0.2718235997303826,0.4223309752707376,-0.1505073755403549
2025-10-17,2025-10-20,ml_big_up_index_enhancement,0.995,ADJUST,0.021596459476932,0.021488477179547338,-0.00010798229738466156,0.0,0.0,0.0001079822973846601,-0.0,-0.0001079822973846601,-0.0001079822973846601,False,0.4779027678490021,0.4666041028688288,0.0112986649801732
2025-10-20,2025-10-21,ml_big_up_index_enhancement,0.995,ADJUST,0.0227243889028068,0.022610766958292765,-0.0001136219445140342,0.0,0.0,0.0001136219445140341,-0.0,-0.0001136219445140341,-0.0001136219445140341,False,0.2537100704353636,0.4248549491411039,-0.1711448787057403
2025-10-21,2025-10-22,ml_big_up_index_enhancement,0.995,ADJUST,0.006214578730457,0.006183505836804715,-3.107289365228503e-05,0.0,0.0,3.107289365228503e-05,-0.0,-3.107289365228503e-05,-3.107289365228503e-05,False,0.3004629658839918,0.3607696409503755,-0.0603066750663837
2025-10-22,2025-10-23,ml_big_up_index_enhancement,0.995,ADJUST,0.0070614458021782,0.007026138573167309,-3.530722901089103e-05,0.0,0.0,3.5307229010891033e-05,-0.0,-3.5307229010891033e-05,-3.5307229010891033e-05,False,0.2536239234149681,0.3561252090764017,-0.1025012856614335
2025-10-23,2025-10-24,ml_big_up_index_enhancement,0.995,ADJUST,0.0038505188703681,0.003831266276016259,-1.925259435184073e-05,0.0,0.0,1.9252594351840518e-05,-0.0,-1.9252594351840518e-05,-1.9252594351840518e-05,False,0.2664652881498606,0.3095335492021984,-0.0430682610523378
2025-10-24,2025-10-27,ml_big_up_index_enhancement,0.995,ADJUST,0.0016903566793324,0.001681904895935738,-8.451783396662025e-06,0.0,0.0,8.451783396662008e-06,-0.0,-8.451783396662008e-06,-8.451783396662008e-06,False,0.2697900888123465,0.2425529298649524,0.0272371589473941
2025-10-27,2025-10-28,ml_big_up_index_enhancement,0.995,ADJUST,0.0042429568944928,0.004221742110020336,-2.1214784472463853e-05,0.0,0.0,2.121478447246402e-05,-0.0,-2.121478447246402e-05,-2.121478447246402e-05,False,0.2677200951792008,0.2324577060905873,0.0352623890886135
2025-10-28,2025-10-29,ml_big_up_index_enhancement,0.995,ADJUST,-0.0123408812872197,-0.0122791768807836,6.170440643609928e-05,0.0,0.0,0.0,6.170440643609855e-05,6.170440643609855e-05,6.170440643609855e-05,False,0.2536858915133559,0.2489693528227259,0.00471653869063
2025-10-29,2025-10-30,ml_big_up_index_enhancement,0.995,ADJUST,-0.0077230590049891,-0.007684443709964155,3.86152950249451e-05,0.0,0.0,0.0,3.8615295024945536e-05,3.8615295024945536e-05,3.8615295024945536e-05,False,0.3044133334538882,0.223636479597055,0.0807768538568332
2025-10-30,2025-10-31,ml_big_up_index_enhancement,0.995,ADJUST,0.0179851950074787,0.01789526903244131,-8.992597503739222e-05,0.0,0.0,8.992597503739359e-05,-0.0,-8.992597503739359e-05,-8.992597503739359e-05,False,0.3077684787150451,0.2753220604035897,0.0324464183114553
2025-10-31,2025-11-03,ml_big_up_index_enhancement,0.995,ADJUST,0.0140043190890646,0.013934297493619277,-7.002159544532323e-05,0.0,0.0,7.002159544532307e-05,-0.0,-7.002159544532307e-05,-7.002159544532307e-05,False,0.2863753142044004,0.273579087856229,0.0127962263481714
2025-11-03,2025-11-04,ml_big_up_index_enhancement,0.995,ADJUST,0.002538453264494,0.00252576099817153,-1.2692266322470065e-05,0.0,0.0,1.2692266322470011e-05,-0.0,-1.2692266322470011e-05,-1.2692266322470011e-05,False,0.3932791794425534,0.1962605324678836,0.1970186469746698
2025-11-04,2025-11-05,ml_big_up_index_enhancement,0.995,ADJUST,0.0117221147626915,0.011663504188878043,-5.8610573813457426e-05,0.0,0.0,5.8610573813457554e-05,-0.0,-5.8610573813457554e-05,-5.8610573813457554e-05,False,0.4112624029598238,0.1542831551655631,0.2569792477942606
2025-11-05,2025-11-06,ml_big_up_index_enhancement,0.995,ADJUST,0.0011922616612887,0.0011863003529822564,-5.9613083064436e-06,0.0,0.0,5.961308306443505e-06,-0.0,-5.961308306443505e-06,-5.961308306443505e-06,False,0.3545738625521207,0.1628864341650129,0.1916874283871077
2025-11-06,2025-11-07,ml_big_up_index_enhancement,0.995,ADJUST,0.0012165652610092,0.0012104824347041539,-6.082826305046007e-06,0.0,0.0,6.0828263050460045e-06,-0.0,-6.0828263050460045e-06,-6.0828263050460045e-06,False,0.4149499000677523,0.1398353530637365,0.2751145470040158
2025-11-07,2025-11-10,ml_big_up_index_enhancement,0.995,ADJUST,0.0079010882887675,0.007861582847323663,-3.950544144383679e-05,0.0,0.0,3.9505441443837534e-05,-0.0,-3.9505441443837534e-05,-3.9505441443837534e-05,False,0.4341700736930031,0.139314930406669,0.2948551432863341
2025-11-10,2025-11-11,ml_big_up_index_enhancement,0.995,ADJUST,0.0080775638055565,0.008037175986528717,-4.038781902778246e-05,0.0,0.0,4.038781902778253e-05,-0.0,-4.038781902778253e-05,-4.038781902778253e-05,False,0.4984991993280462,0.1380406195280203,0.3604585798000259
2025-11-11,2025-11-12,ml_big_up_index_enhancement,0.995,ADJUST,-0.002845472827445,-0.002831245463307775,1.422736413722505e-05,0.0,0.0,0.0,1.4227364137225013e-05,1.4227364137225013e-05,1.4227364137225013e-05,False,0.4768669768313707,0.1404158133087207,0.33645116352265
2025-11-12,2025-11-13,ml_big_up_index_enhancement,0.995,ADJUST,0.0091112095622949,0.009065653514483426,-4.5556047811473946e-05,0.0,0.0,4.555604781147454e-05,-0.0,-4.555604781147454e-05,-4.555604781147454e-05,False,0.5328780604365096,0.1358815329782099,0.3969965274582997
2025-11-13,2025-11-14,ml_big_up_index_enhancement,0.995,ADJUST,0.0089801638159265,0.008935262996846867,-4.490081907963274e-05,0.0,0.0,4.4900819079632536e-05,-0.0,-4.4900819079632536e-05,-4.4900819079632536e-05,False,0.5281416733392063,0.1294384955943074,0.3987031777448988
2025-11-14,2025-11-17,ml_big_up_index_enhancement,0.995,ADJUST,0.0085588792878636,0.008516084891424282,-4.279439643931765e-05,0.0,0.0,4.2794396439318036e-05,-0.0,-4.2794396439318036e-05,-4.2794396439318036e-05,False,0.4391355186650257,0.1294560900427348,0.3096794286222909
2025-11-17,2025-11-18,ml_big_up_index_enhancement,0.995,ADJUST,-0.0074665024229816,-0.007429169910866692,3.7332512114907936e-05,0.0,0.0,0.0,3.733251211490803e-05,3.733251211490803e-05,3.733251211490803e-05,False,0.4564732794037885,0.1198022671932488,0.3366710122105397
2025-11-18,2025-11-19,ml_big_up_index_enhancement,0.995,ADJUST,-0.0207927196941757,-0.02068875609570482,0.00010396359847087908,0.0,0.0,0.0,0.0001039635984708786,0.0001039635984708786,0.0001039635984708786,False,0.4744261131512147,0.151748118532038,0.3226779946191766
2025-11-19,2025-11-20,ml_big_up_index_enhancement,0.995,ADJUST,-0.0063148203228106,-0.006283246221196547,3.15741016140526e-05,0.0,0.0,0.0,3.157410161405303e-05,3.157410161405303e-05,3.157410161405303e-05,False,0.5149778112171353,0.1503656337504639,0.3646121774666713
2025-11-20,2025-11-21,ml_big_up_index_enhancement,0.995,ADJUST,-0.0481652618089272,-0.04792443549988256,0.00024082630904463664,0.0,0.0,0.0,0.0002408263090446362,0.0002408263090446362,0.0002408263090446362,False,0.5205381045528981,0.2047552064885579,0.3157828980643401
2025-11-21,2025-11-24,ml_big_up_index_enhancement,0.995,ADJUST,0.0219969848960357,0.021886999971555524,-0.00010998492448017691,0.0,0.0,0.0001099849244801786,-0.0,-0.0001099849244801786,-0.0001099849244801786,False,0.5287967910972542,0.345910383376719,0.1828864077205352
2025-11-24,2025-11-25,ml_big_up_index_enhancement,0.995,ADJUST,0.0177522752785534,0.017663513902160633,-8.876137639276735e-05,0.0,0.0,8.876137639276708e-05,-0.0,-8.876137639276708e-05,-8.876137639276708e-05,False,0.3568492763262998,0.3395741534340306,0.0172751228922692
2025-11-25,2025-11-26,ml_big_up_index_enhancement,0.995,ADJUST,-0.0098174608600533,-0.009768373555753032,4.908730430026702e-05,0.0,0.0,0.0,4.9087304300266544e-05,4.9087304300266544e-05,4.9087304300266544e-05,False,0.2498673646993765,0.3329057155535348,-0.0830383508541582
2025-11-26,2025-11-27,ml_big_up_index_enhancement,0.995,ADJUST,0.012026028265309,0.011965898123982455,-6.013014132654447e-05,0.0,0.0,6.013014132654505e-05,-0.0,-6.013014132654505e-05,-6.013014132654505e-05,False,0.3211349903188625,0.3444938082679574,-0.0233588179490949
2025-11-27,2025-11-28,ml_big_up_index_enhancement,0.995,ADJUST,0.01752298014982,0.0174353652490709,-8.761490074910006e-05,0.0,0.0,8.761490074910008e-05,-0.0,-8.761490074910008e-05,-8.761490074910008e-05,False,0.261800897137724,0.3229516941765981,-0.061150797038874
2025-11-28,2025-12-01,ml_big_up_index_enhancement,0.995,ADJUST,-0.0001832677989537,-0.0001823514599589315,9.163389947685111e-07,0.0,0.0,0.0,9.163389947685008e-07,9.163389947685008e-07,9.163389947685008e-07,False,0.280623051920749,0.2807320175333912,-0.0001089656126421
2025-12-01,2025-12-02,ml_big_up_index_enhancement,0.995,ADJUST,-0.0034156649667822,-0.003398586641948289,1.707832483391087e-05,0.0,0.0,0.0,1.7078324833911015e-05,1.7078324833911015e-05,1.7078324833911015e-05,False,0.3213746602048321,0.3162050342323304,0.0051696259725017
2025-12-02,2025-12-03,ml_big_up_index_enhancement,0.995,ADJUST,-0.0088465667963644,-0.008802333962382577,4.423283398182279e-05,0.0,0.0,0.0,4.423283398182204e-05,4.423283398182204e-05,4.423283398182204e-05,False,0.2845372561950313,0.3057668290605364,-0.0212295728655051
2025-12-03,2025-12-04,ml_big_up_index_enhancement,0.995,ADJUST,-0.0174965073368557,-0.01740902480017142,8.748253668428019e-05,0.0,0.0,0.0,8.748253668427859e-05,8.748253668427859e-05,8.748253668427859e-05,False,0.2878146272504478,0.2879540228630835,-0.0001393956126357
2025-12-04,2025-12-05,ml_big_up_index_enhancement,0.995,ADJUST,0.0171401106536797,0.017054410100411303,-8.570055326839743e-05,0.0,0.0,8.570055326839858e-05,-0.0,-8.570055326839858e-05,-8.570055326839858e-05,False,0.3955062819803532,0.2715421571352687,0.1239641248450845
2025-12-05,2025-12-08,ml_big_up_index_enhancement,0.995,ADJUST,0.0108426695733434,0.010788456225476683,-5.421334786671721e-05,0.0,0.0,5.4213347866717044e-05,-0.0,-5.4213347866717044e-05,-5.4213347866717044e-05,False,0.3157599087169727,0.3465267766882867,-0.0307668679713139
2025-12-08,2025-12-09,ml_big_up_index_enhancement,0.975,ADJUST,-0.0084174053303263,-0.008226970197068141,0.00019043513325815893,0.020000000000000018,2.000000000000002e-05,0.0,0.00021043513325815768,0.00021043513325815768,0.00019043513325815766,True,0.306240794660225,0.3681058494629933,-0.0618650548027683
2025-12-09,2025-12-10,ml_big_up_index_enhancement,0.975,ADJUST,-0.0094151633683722,-0.009179784284162894,0.0002353790842093053,0.0,0.0,0.0,0.00023537908420930522,0.00023537908420930522,0.00023537908420930522,True,0.316571481086063,0.3542806814483349,-0.0377092003622719
2025-12-10,2025-12-11,ml_big_up_index_enhancement,0.975,ADJUST,-0.0258956510632861,-0.025248259786703947,0.0006473912765821536,0.0,0.0,0.0,0.0006473912765821531,0.0006473912765821531,0.0006473912765821531,True,0.3233178516783276,0.3641462949542969,-0.0408284432759693
2025-12-11,2025-12-12,ml_big_up_index_enhancement,0.975,ADJUST,-0.0128339007284823,-0.012513053210270242,0.00032084751821205744,0.0,0.0,0.0,0.00032084751821205776,0.00032084751821205776,0.00032084751821205776,True,0.5501213469988201,0.3862709880872479,0.1638503589115721
2025-12-12,2025-12-15,ml_big_up_index_enhancement,0.975,ADJUST,0.0062094319484524,0.00605419614974109,-0.00015523579871130986,0.0,0.0,0.00015523579871131013,-0.0,-0.00015523579871131013,-0.00015523579871131013,True,0.528184259669754,0.3648617118436046,0.1633225478261493
2025-12-15,2025-12-16,ml_big_up_index_enhancement,0.975,ADJUST,-0.0185086241576989,-0.01804590855375643,0.0004627156039424714,0.0,0.0,0.0,0.0004627156039424729,0.0004627156039424729,0.0004627156039424729,True,0.4748107562766284,0.3999533765419388,0.0748573797346896
2025-12-16,2025-12-17,ml_big_up_index_enhancement,0.975,ADJUST,0.0006516441606601,0.0006353530566435974,-1.6291104016502534e-05,0.0,0.0,1.6291104016502514e-05,-0.0,-1.6291104016502514e-05,-1.6291104016502514e-05,True,0.4823553749286766,0.3864495930358805,0.095905781892796
2025-12-17,2025-12-18,ml_big_up_index_enhancement,1.0,ADJUST,0.0177109384125275,0.0176859384125275,-2.5000000000000716e-05,0.025000000000000022,2.500000000000002e-05,0.0,-0.0,0.0,-2.500000000000002e-05,False,0.4762444628609267,0.3896393214320985,0.0866051414288281
2025-12-18,2025-12-19,ml_big_up_index_enhancement,0.975,ADJUST,0.0252181432277336,0.02456268964704026,-0.0006554535806933409,0.025000000000000022,2.500000000000002e-05,0.0006304535806933406,-0.0,-0.0006304535806933406,-0.0006554535806933407,True,0.453528855692985,0.3963913783748088,0.0571374773181762
2025-12-19,2025-12-22,ml_big_up_index_enhancement,1.0,ADJUST,-0.0012927663359351,-0.0013177663359351,-2.5000000000000066e-05,0.025000000000000022,2.500000000000002e-05,0.0,0.0,-0.0,-2.500000000000002e-05,False,0.4670471962817499,0.3037699478758379,0.163277248405912
2025-12-22,2025-12-23,ml_big_up_index_enhancement,1.0,ADJUST,-0.006220374143758,-0.006220374143758,0.0,0.0,0.0,0.0,0.0,-0.0,-0.0,False,0.4788931734403505,0.2899126901273939,0.1889804833129565
2025-12-23,2025-12-24,ml_big_up_index_enhancement,1.0,ADJUST,0.0099166249482383,0.0099166249482383,0.0,0.0,0.0,0.0,-0.0,0.0,0.0,False,0.5237279851287107,0.3465036990938226,0.177224286034888
2025-12-24,2025-12-25,ml_big_up_index_enhancement,1.0,ADJUST,0.0111900907875288,0.0111900907875288,0.0,0.0,0.0,0.0,-0.0,0.0,0.0,False,0.4698277310102867,0.3033275686762575,0.1665001623340292
2025-12-25,2025-12-26,ml_big_up_index_enhancement,1.0,ADJUST,-0.0064575869081048,-0.0064575869081048,0.0,0.0,0.0,0.0,0.0,-0.0,-0.0,False,0.5167526258162942,0.2983239960531806,0.2184286297631136
2025-12-26,2025-12-29,ml_big_up_index_enhancement,1.0,ADJUST,0.0035665336703925,0.0035665336703925,0.0,0.0,0.0,0.0,-0.0,0.0,0.0,False,0.4923933162337149,0.2789429941096839,0.2134503221240309
2025-12-29,2025-12-30,ml_big_up_index_enhancement,1.0,ADJUST,-0.0087829778968804,-0.0087829778968804,0.0,0.0,0.0,0.0,0.0,-0.0,-0.0,False,0.5321013110233707,0.4239847338207175,0.1081165772026531
2025-12-30,2025-12-31,ml_big_up_index_enhancement,1.0,ADJUST,0.0053091329946999,0.0053091329946999,0.0,0.0,0.0,0.0,-0.0,0.0,0.0,False,0.4912393395469939,0.4815889447383643,0.0096503948086296
2025-12-31,2026-01-05,ml_big_up_index_enhancement,1.0,ADJUST,0.013288014594583,0.013288014594583,0.0,0.0,0.0,0.0,-0.0,0.0,0.0,False,0.5445582103700459,0.468979605861657,0.0755786045083889
2026-01-05,2026-01-06,ml_big_up_index_enhancement,1.0,ADJUST,0.003210060594402,0.003210060594402,0.0,0.0,0.0,0.0,-0.0,0.0,0.0,False,0.5760233538516083,0.3642965830539512,0.211726770797657
2026-01-06,2026-01-07,ml_big_up_index_enhancement,1.0,ADJUST,-0.0042094603501791,-0.0042094603501791,0.0,0.0,0.0,0.0,0.0,-0.0,-0.0,False,0.5503068770894602,0.3317209008889755,0.2185859762004847
2026-01-07,2026-01-08,ml_big_up_index_enhancement,1.0,ADJUST,0.0194935116903904,0.0194935116903904,0.0,0.0,0.0,0.0,-0.0,0.0,0.0,False,0.6056140798336764,0.3331732538650697,0.2724408259686067
2026-01-08,2026-01-09,ml_big_up_index_enhancement,1.0,ADJUST,0.0120143073844756,0.0120143073844756,0.0,0.0,0.0,0.0,-0.0,0.0,0.0,False,0.5196650760057628,0.2910602990508179,0.2286047769549449
2026-01-09,2026-01-12,ml_big_up_index_enhancement,1.0,ADJUST,0.0150634118460151,0.0150634118460151,0.0,0.0,0.0,0.0,-0.0,0.0,0.0,False,0.545708296155344,0.2081300905795897,0.3375782055757542
2026-01-12,2026-01-13,ml_big_up_index_enhancement,1.0,ADJUST,-0.0002169026021129,-0.0002169026021129,0.0,0.0,0.0,0.0,0.0,-0.0,-0.0,False,0.5211410290572186,0.2384285878153753,0.2827124412418433
2026-01-13,2026-01-14,ml_big_up_index_enhancement,1.0,ADJUST,0.0036737766769059,0.0036737766769059,0.0,0.0,0.0,0.0,-0.0,0.0,0.0,False,0.4994866171679408,0.2135637807657837,0.285922836402157
2026-01-14,2026-01-15,ml_big_up_index_enhancement,1.0,ADJUST,-1.574643092827621e-05,-1.574643092827621e-05,0.0,0.0,0.0,0.0,0.0,-0.0,-0.0,False,0.4678984423652297,0.2050904414128058,0.2628080009524238
2026-01-15,2026-01-16,ml_big_up_index_enhancement,1.0,ADJUST,-0.0014472629409071,-0.0014472629409071,0.0,0.0,0.0,0.0,0.0,-0.0,-0.0,False,0.3330563097215986,0.3153583856630273,0.0176979240585712
2026-01-16,2026-01-19,ml_big_up_index_enhancement,1.0,ADJUST,0.0182725514623345,0.0182725514623345,0.0,0.0,0.0,0.0,-0.0,0.0,0.0,False,0.3995852202187168,0.3128678127799238,0.0867174074387929
2026-01-19,2026-01-20,ml_big_up_index_enhancement,1.0,ADJUST,0.001233290393428,0.001233290393428,0.0,0.0,0.0,0.0,-0.0,0.0,0.0,False,0.3451662334537209,0.3287589916246127,0.0164072418291081
2026-01-20,2026-01-21,ml_big_up_index_enhancement,1.0,ADJUST,0.010942515934986,0.010942515934986,0.0,0.0,0.0,0.0,-0.0,0.0,0.0,False,0.3349808056443436,0.3072076847116196,0.0277731209327239
2026-01-21,2026-01-22,ml_big_up_index_enhancement,1.0,ADJUST,0.0121523938282475,0.0121523938282475,0.0,0.0,0.0,0.0,-0.0,0.0,0.0,False,0.2730202641263389,0.3814335727575878,-0.1084133086312488
2026-01-22,2026-01-23,ml_big_up_index_enhancement,1.0,ADJUST,0.0074097486567081,0.0074097486567081,0.0,0.0,0.0,0.0,-0.0,0.0,0.0,False,0.2461866542339329,0.3562671598834121,-0.1100805056494791
2026-01-23,2026-01-26,ml_big_up_index_enhancement,1.0,ADJUST,-0.0065517909319829,-0.0065517909319829,0.0,0.0,0.0,0.0,0.0,-0.0,-0.0,False,0.1991587274469302,0.3705363533907588,-0.1713776259438285
2026-01-26,2026-01-27,ml_big_up_index_enhancement,1.0,ADJUST,-0.002493549862072,-0.002493549862072,0.0,0.0,0.0,0.0,0.0,-0.0,-0.0,False,0.3004822576166781,0.3167640730965765,-0.0162818154798984
2026-01-27,2026-01-28,ml_big_up_index_enhancement,1.0,ADJUST,-0.0112049753394185,-0.0112049753394185,0.0,0.0,0.0,0.0,0.0,-0.0,-0.0,False,0.3559849988827418,0.2653117742503316,0.0906732246324101
2026-01-28,2026-01-29,ml_big_up_index_enhancement,1.0,ADJUST,-0.004446467675405,-0.004446467675405,0.0,0.0,0.0,0.0,0.0,-0.0,-0.0,False,0.6122191664840702,0.2751009145179477,0.3371182519661224
2026-01-29,2026-01-30,ml_big_up_index_enhancement,1.0,ADJUST,0.0135765714996873,0.0135765714996873,0.0,0.0,0.0,0.0,-0.0,0.0,0.0,False,0.5877272867894117,0.2476499748268986,0.340077311962513
2026-01-30,2026-02-02,ml_big_up_index_enhancement,1.0,ADJUST,-0.0129518595879355,-0.0129518595879355,0.0,0.0,0.0,0.0,0.0,-0.0,-0.0,False,0.577774595569712,0.2914246180599053,0.2863499775098067
2026-02-02,2026-02-03,ml_big_up_index_enhancement,1.0,ADJUST,0.0169557621077645,0.0169557621077645,0.0,0.0,0.0,0.0,-0.0,0.0,0.0,False,0.6206250029295746,0.3248211471518284,0.2958038557777461
2026-02-03,2026-02-04,ml_big_up_index_enhancement,1.0,ADJUST,0.0102256655959953,0.0102256655959953,0.0,0.0,0.0,0.0,-0.0,0.0,0.0,False,0.6116934418733713,0.3855019434767531,0.2261914983966181
2026-02-04,2026-02-05,ml_big_up_index_enhancement,1.0,ADJUST,0.0014666247631018,0.0014666247631018,0.0,0.0,0.0,0.0,-0.0,0.0,0.0,False,0.5327880505377798,0.4089153866217426,0.1238726639160371
2026-02-05,2026-02-06,ml_big_up_index_enhancement,1.0,ADJUST,0.0085939527155993,0.0085939527155993,0.0,0.0,0.0,0.0,-0.0,0.0,0.0,False,0.5081480900511163,0.405162829481458,0.1029852605696582
2026-02-06,2026-02-09,ml_big_up_index_enhancement,1.0,ADJUST,0.0164245546688217,0.0164245546688217,0.0,0.0,0.0,0.0,-0.0,0.0,0.0,False,0.4751026190142925,0.4156938615137363,0.0594087575005562
2026-02-09,2026-02-10,ml_big_up_index_enhancement,1.0,ADJUST,0.0017240488246386,0.0017240488246386,0.0,0.0,0.0,0.0,-0.0,0.0,0.0,False,0.3866233799157982,0.3627117299003634,0.0239116500154348
2026-02-10,2026-02-11,ml_big_up_index_enhancement,1.0,ADJUST,-0.0012064768758598,-0.0012064768758598,0.0,0.0,0.0,0.0,0.0,-0.0,-0.0,False,0.3748139971813859,0.3632129930257227,0.0116010041556632
2026-02-11,2026-02-12,ml_big_up_index_enhancement,1.0,ADJUST,-0.0110409426125285,-0.0110409426125285,0.0,0.0,0.0,0.0,0.0,-0.0,-0.0,False,0.3599427840000934,0.4282405213165121,-0.0682977373164186
2026-02-12,2026-02-13,ml_big_up_index_enhancement,1.0,ADJUST,0.0021267705230676,0.0021267705230676,0.0,0.0,0.0,0.0,-0.0,0.0,0.0,False,0.5209325836848114,0.4193716254324157,0.1015609582523957
2026-02-13,2026-02-24,ml_big_up_index_enhancement,1.0,ADJUST,0.0231644080934434,0.0231644080934434,0.0,0.0,0.0,0.0,-0.0,0.0,0.0,False,0.4725606229871025,0.388808389787114,0.0837522331999885
2026-02-24,2026-02-25,ml_big_up_index_enhancement,1.0,ADJUST,0.0043234460085188,0.0043234460085188,0.0,0.0,0.0,0.0,-0.0,0.0,0.0,False,0.5045983779695773,0.349832585156251,0.1547657928133262
2026-02-25,2026-02-26,ml_big_up_index_enhancement,1.0,ADJUST,-0.0030419961945784,-0.0030419961945784,0.0,0.0,0.0,0.0,0.0,-0.0,-0.0,False,0.5357263331616777,0.4006897530730321,0.1350365800886456
2026-02-26,2026-02-27,ml_big_up_index_enhancement,1.0,ADJUST,0.0071383472221495,0.0071383472221495,0.0,0.0,0.0,0.0,-0.0,0.0,0.0,False,0.4828524094804668,0.3845733448906584,0.0982790645898084
2026-02-27,2026-03-02,ml_big_up_index_enhancement,1.0,ADJUST,-0.0314648539705402,-0.0314648539705402,0.0,0.0,0.0,0.0,0.0,-0.0,-0.0,False,0.4439391013083505,0.401518039190141,0.0424210621182095
2026-03-02,2026-03-03,ml_big_up_index_enhancement,1.0,ADJUST,-0.0265077352676852,-0.0265077352676852,0.0,0.0,0.0,0.0,0.0,-0.0,-0.0,False,0.5364791592898253,0.3517611600203666,0.1847179992694586
2026-03-03,2026-03-04,ml_big_up_index_enhancement,1.0,ADJUST,-0.0068180288299722,-0.0068180288299722,0.0,0.0,0.0,0.0,0.0,-0.0,-0.0,False,0.5768508259695645,0.3210445037410452,0.2558063222285192
2026-03-04,2026-03-05,ml_big_up_index_enhancement,1.0,ADJUST,0.0130767953967023,0.0130767953967023,0.0,0.0,0.0,0.0,-0.0,0.0,0.0,False,0.4720465622459583,0.3006283850527261,0.1714181771932322
2026-03-05,2026-03-06,ml_big_up_index_enhancement,1.0,ADJUST,0.0346771088482742,0.0346771088482742,0.0,0.0,0.0,0.0,-0.0,0.0,0.0,False,0.3092336602149952,0.4059510761792186,-0.0967174159642234
2026-03-06,2026-03-09,ml_big_up_index_enhancement,1.0,ADJUST,-0.0088715934822883,-0.0088715934822883,0.0,0.0,0.0,0.0,0.0,-0.0,-0.0,False,0.3847030337380573,0.5230624354150432,-0.1383594016769858
2026-03-09,2026-03-10,ml_big_up_index_enhancement,1.0,ADJUST,0.0252513350614906,0.0252513350614906,0.0,0.0,0.0,0.0,-0.0,0.0,0.0,False,0.3074444827165504,0.5485882660146033,-0.2411437832980529
2026-03-10,2026-03-11,ml_big_up_index_enhancement,1.0,ADJUST,-0.0079578731389315,-0.0079578731389315,0.0,0.0,0.0,0.0,0.0,-0.0,-0.0,False,0.3699121348704153,0.5630554363802571,-0.1931433015098418
2026-03-11,2026-03-12,ml_big_up_index_enhancement,1.0,ADJUST,-0.0133428979470552,-0.0133428979470552,0.0,0.0,0.0,0.0,0.0,-0.0,-0.0,False,0.3368715515152438,0.6199863504184624,-0.2831147989032186
2026-03-12,2026-03-13,ml_big_up_index_enhancement,1.0,ADJUST,0.0005771266786425,0.0005771266786425,0.0,0.0,0.0,0.0,-0.0,0.0,0.0,False,0.2661510793658468,0.6296708541639026,-0.3635197747980557
2026-03-13,2026-03-16,ml_big_up_index_enhancement,1.0,ADJUST,0.002305849219472,0.002305849219472,0.0,0.0,0.0,0.0,-0.0,0.0,0.0,False,0.2675172548364741,0.6310673743792145,-0.3635501195427403
2026-03-16,2026-03-17,ml_big_up_index_enhancement,1.0,ADJUST,-0.0222818120723686,-0.0222818120723686,0.0,0.0,0.0,0.0,0.0,-0.0,-0.0,False,0.2913718310233059,0.5791510694744778,-0.2877792384511718
2026-03-17,2026-03-18,ml_big_up_index_enhancement,1.0,ADJUST,0.0168293722473666,0.0168293722473666,0.0,0.0,0.0,0.0,-0.0,0.0,0.0,False,0.3263060409302185,0.4400766724993364,-0.1137706315691179
2026-03-18,2026-03-19,ml_big_up_index_enhancement,0.975,ADJUST,-0.0296326162370609,-0.028916800831134376,0.0007158154059265232,0.025000000000000022,2.500000000000002e-05,0.0,0.0007408154059265231,0.0007408154059265231,0.000715815405926523,True,0.2429964564588733,0.5327501474381732,-0.2897536909792998
2026-03-19,2026-03-20,ml_big_up_index_enhancement,0.975,ADJUST,-0.0367577485416203,-0.03583880482807979,0.0009189437135405099,0.0,0.0,0.0,0.0009189437135405082,0.0009189437135405082,0.0009189437135405082,True,0.4346873786204226,0.4306066058445455,0.0040807727758771
2026-03-20,2026-03-23,ml_big_up_index_enhancement,0.975,ADJUST,-0.0639879617726489,-0.06238826272833267,0.0015996990443162273,0.0,0.0,0.0,0.0015996990443162239,0.0015996990443162239,0.0015996990443162239,True,0.6628445670265875,0.3666248589793372,0.2962197080472502
2026-03-23,2026-03-24,ml_big_up_index_enhancement,0.975,ADJUST,0.0561399399527289,0.05473644145391068,-0.0014034984988182259,0.0,0.0,0.001403498498818224,-0.0,-0.001403498498818224,-0.001403498498818224,True,0.5615105249995225,0.3697290629451171,0.1917814620544053
2026-03-24,2026-03-25,ml_big_up_index_enhancement,0.975,ADJUST,0.024393967105083,0.023784117927455925,-0.0006098491776270754,0.0,0.0,0.0006098491776270756,-0.0,-0.0006098491776270756,-0.0006098491776270756,True,0.5451353228652631,0.3593128665957572,0.1858224562695059
2026-03-25,2026-03-26,ml_big_up_index_enhancement,0.975,ADJUST,-0.0157704138152086,-0.015376153469828383,0.0003942603453802162,0.0,0.0,0.0,0.0003942603453802153,0.0003942603453802153,0.0003942603453802153,True,0.5366851495509469,0.3283308810903707,0.2083542684605762
2026-03-26,2026-03-27,ml_big_up_index_enhancement,0.975,ADJUST,0.0205323704425279,0.020019061181464702,-0.0005133092610631988,0.0,0.0,0.000513309261063198,-0.0,-0.000513309261063198,-0.000513309261063198,True,0.4957181479367383,0.3340043625729226,0.1617137853638157
2026-03-27,2026-03-30,ml_big_up_index_enhancement,0.975,ADJUST,0.0120533696110087,0.011752035370733481,-0.00030133424027521845,0.0,0.0,0.00030133424027521774,-0.0,-0.00030133424027521774,-0.00030133424027521774,True,0.5012261115901387,0.2414682760521406,0.2597578355379981
2026-03-30,2026-03-31,ml_big_up_index_enhancement,0.975,ADJUST,-0.0144972832287605,-0.014134851148041487,0.0003624320807190124,0.0,0.0,0.0,0.00036243208071901284,0.00036243208071901284,0.00036243208071901284,True,0.5943805670915301,0.2035156986037937,0.3908648684877364
2026-03-31,2026-04-01,ml_big_up_index_enhancement,0.975,ADJUST,0.0108964410104712,0.01062402998520942,-0.0002724110252617807,0.0,0.0,0.00027241102526178026,-0.0,-0.00027241102526178026,-0.00027241102526178026,True,0.6211626513508289,0.3003333317737786,0.3208293195770503
2026-04-01,2026-04-02,ml_big_up_index_enhancement,0.975,ADJUST,-0.0209152631308623,-0.02039238155259074,0.0005228815782715585,0.0,0.0,0.0,0.0005228815782715579,0.0005228815782715579,0.0005228815782715579,True,0.6106778591271678,0.2500655262262869,0.3606123329008808
2026-04-02,2026-04-03,ml_big_up_index_enhancement,0.975,ADJUST,-0.0368132865268899,-0.03589295436371765,0.0009203321631722494,0.0,0.0,0.0,0.0009203321631722483,0.0009203321631722483,0.0009203321631722483,True,0.5840464892217441,0.377211461022912,0.206835028198832
2026-04-03,2026-04-07,ml_big_up_index_enhancement,0.975,ADJUST,0.0331801969821197,0.03235069205756671,-0.0008295049245529915,0.0,0.0,0.0008295049245529932,-0.0,-0.0008295049245529932,-0.0008295049245529932,True,0.4657996090342466,0.5293732221296158,-0.0635736130953691
2026-04-07,2026-04-08,ml_big_up_index_enhancement,0.975,ADJUST,0.0364172835706917,0.035506851481424406,-0.0009104320892672907,0.0,0.0,0.0009104320892672932,-0.0,-0.0009104320892672932,-0.0009104320892672932,True,0.5210791342636186,0.4425729402491809,0.0785061940144377
2026-04-08,2026-04-09,ml_big_up_index_enhancement,0.975,ADJUST,-0.0209511817258296,-0.02042740218268386,0.0005237795431457422,0.0,0.0,0.0,0.0005237795431457404,0.0005237795431457404,0.0005237795431457404,True,0.6315781367193174,0.28974399226323,0.3418341444560873
2026-04-09,2026-04-10,ml_big_up_index_enhancement,0.975,ADJUST,0.0099141828556665,0.009666328284274838,-0.0002478545713916619,0.0,0.0,0.0002478545713916627,-0.0,-0.0002478545713916627,-0.0002478545713916627,True,0.5340211823893617,0.4371112992898066,0.096909883099555
2026-04-10,2026-04-13,ml_big_up_index_enhancement,0.975,ADJUST,-0.001594665724975,-0.001554799081850625,3.98666431243751e-05,0.0,0.0,0.0,3.986664312437504e-05,3.986664312437504e-05,3.986664312437504e-05,True,0.5406234860604071,0.3155368386220045,0.2250866474384025
2026-04-13,2026-04-14,ml_big_up_index_enhancement,0.975,ADJUST,-0.0003007828709724,-0.00029326329919808996,7.519571774310021e-06,0.0,0.0,0.0,7.519571774310006e-06,7.519571774310006e-06,7.519571774310006e-06,True,0.5764187767988929,0.2578144318942694,0.3186043449046234
2026-04-14,2026-04-15,ml_big_up_index_enhancement,0.975,ADJUST,-0.0084662422866377,-0.008254586229471757,0.00021165605716594316,0.0,0.0,0.0,0.0002116560571659427,0.0002116560571659427,0.0002116560571659427,True,0.5790282579385292,0.3118826790532365,0.2671455788852926
2026-04-15,2026-04-16,ml_big_up_index_enhancement,0.975,ADJUST,0.02315433978804,0.022575481293339,-0.0005788584947010005,0.0,0.0,0.0005788584947010006,-0.0,-0.0005788584947010006,-0.0005788584947010006,True,0.5878171205758443,0.3812628214820868,0.2065542990937575
2026-04-16,2026-04-17,ml_big_up_index_enhancement,0.975,ADJUST,-0.0082903802480798,-0.008083120741877805,0.00020725950620199482,0.0,0.0,0.0,0.00020725950620199517,0.00020725950620199517,0.00020725950620199517,True,0.6022830327186102,0.260745630646621,0.3415374020719892
2026-04-17,2026-04-20,ml_big_up_index_enhancement,0.975,ADJUST,0.0099947942337832,0.00974492437793862,-0.00024986985584458075,0.0,0.0,0.0002498698558445802,-0.0,-0.0002498698558445802,-0.0002498698558445802,True,0.5758601721016345,0.2986781417253985,0.277182030376236
2026-04-20,2026-04-21,ml_big_up_index_enhancement,0.975,ADJUST,-0.002263209480531,-0.002206629243517725,5.658023701327498e-05,0.0,0.0,0.0,5.658023701327505e-05,5.658023701327505e-05,5.658023701327505e-05,True,0.4888598911328718,0.3928825639661948,0.095977327166677
2026-04-21,2026-04-22,ml_big_up_index_enhancement,1.0,ADJUST,-0.0028261550552041,-0.0028511550552040997,-2.499999999999985e-05,0.025000000000000022,2.500000000000002e-05,0.0,0.0,-0.0,-2.500000000000002e-05,False,0.5577711452535211,0.3450437988832903,0.2127273463702308
2026-04-22,2026-04-23,ml_big_up_index_enhancement,1.0,ADJUST,-0.0101889397302513,-0.0101889397302513,0.0,0.0,0.0,0.0,0.0,-0.0,-0.0,False,0.5554390513673865,0.4116539303113302,0.1437851210560563
2026-04-23,2026-04-24,ml_big_up_index_enhancement,1.0,ADJUST,0.0109786857314668,0.0109786857314668,0.0,0.0,0.0,0.0,-0.0,0.0,0.0,False,0.6949885656028562,0.3004354051512879,0.3945531604515682
2026-04-24,2026-04-27,ml_big_up_index_enhancement,1.0,ADJUST,0.0200432616115844,0.0200432616115844,0.0,0.0,0.0,0.0,-0.0,0.0,0.0,False,0.6563441256500716,0.2726877792143421,0.3836563464357295
2026-04-27,2026-04-28,ml_big_up_index_enhancement,1.0,ADJUST,-0.0008787369944224,-0.0008787369944224,0.0,0.0,0.0,0.0,0.0,-0.0,-0.0,False,0.5159479435739126,0.3473044213381654,0.1686435222357472
2026-04-28,2026-04-29,ml_big_up_index_enhancement,1.0,ADJUST,0.0164296763646925,0.0164296763646925,0.0,0.0,0.0,0.0,-0.0,0.0,0.0,False,0.5259177674532293,0.3138002464372634,0.2121175210159658
2026-04-29,2026-04-30,ml_big_up_index_enhancement,1.0,ADJUST,0.0115505365882186,0.0115505365882186,0.0,0.0,0.0,0.0,-0.0,0.0,0.0,False,0.4363189753591275,0.3917984011967942,0.0445205741623332
2026-04-30,2026-05-06,ml_big_up_index_enhancement,1.0,ADJUST,0.0019092395103517,0.0019092395103517,0.0,0.0,0.0,0.0,-0.0,0.0,0.0,False,0.4649646029061041,0.418812004249342,0.046152598656762
